HOT-ID	Notes	S700016097-VIN	S700016502-VIN	S700016602-VIN	S700021928-VIN	S700023098-VIN	S700023200-VIN	S700023279-VIN	S700023432-VIN	S700023489-VIN	S700023666-VIN	S700023800-VIN	S700023857-VIN	S700023914-VIN	S700023999-VIN	S700024076-VIN	S700024159-VIN	S700024266-VIN	S700024391-VIN	S700024841-VIN	S700024878-VIN	S700033038-VIN	S700033191-VIN	S700033495-VIN	S700033787-VIN	S700037010-VIN	S700037232-VIN	S700037712-VIN	S700038734-VIN	S700097351-VIN	S700098327-VIN	S700098419-VIN	S700098992-VIN	S700099119-VIN	S700099348-VIN	S700100287-VIN	S700103301-VIN	S700103704-VIN	S700105175-VIN	S700105232-VIN	S700105449-VIN	S700105717-VIN	S700105792-VIN	S700105994-VIN	S700106050-VIN	S700106087-VIN	S700106516-VIN	S700106573-VIN	S700106831-VIN	S700106908-VIN	S700113156-VIN	S700113535-VIN	S700113574-VIN	S700113852-VIN	S700113966-VIN	S700114100-VIN	S700114157-VIN	S700114230-VIN	S700114299-VIN	S700114454-VIN	S700114501-VIN	S700114590-VIN	S700114647-VIN	S700114830-VIN	S700114933-VIN	S700116213-VIN	S700116338-VIN	S700116653-VIN	S700116994-VIN	S700117694-VIN	S700117749-VIN	S700117950-VIN
HMT-830		0.0	0.0	0.0	0.0	0.0	0.0	0.044018928139099814	0.0	0.010909884355225835	0.0	0.0	0.0	0.0	0.005797437532610586	0.0	0.0	0.0	0.011793843613633684	0.0	0.0	0.0	0.0	0.0	0.0	0.0	0.0	0.0	0.0	7.336880425651078	0.0	0.0	0.0	0.0	0.0	0.0	0.0	0.0	0.0	0.0	0.0	0.04288164665523156	0.0	0.0	0.0	0.0	0.0	0.0	0.0	0.0	0.0	0.019466614755693987	0.0	0.0	0.2571896188917466	0.0	0.09369562307589345	0.0	0.0	0.0	0.0	0.0	0.0	0.0	0.0	0.0	0.0070264193367060145	0.0	0.0	0.0	0.0	0.0
HMT-829		0.0	0.0	0.1948368241597662	0.0	0.0	0.0	0.0	0.0	0.0	0.0	0.0	0.0	0.0	0.0	0.0	0.0	0.0	0.0	0.07367645510998842	0.0	0.190191550061133	0.013507125008441954	0.0	0.12705327162174426	0.0	0.0	0.0	0.0	0.784094091290955	0.08259911894273128	0.0	0.0	0.0	0.1520045601368041	0.0	1.030274211443969	0.0	0.0	0.0	0.0	0.0714694110920526	0.11560693641618498	0.0	0.0	0.0	0.0	0.03317299718029524	0.0	0.0	0.0	0.0	0.0	0.0	0.11690437222352115	0.0	0.0	0.0	0.0	0.0	0.04697889563457647	0.0	0.0	0.0	0.0	0.0	0.035132096683530074	0.0	0.0	0.0	0.0	0.0
HMT-077		0.020889910173386254	0.03874217085297346	0.0	0.0	0.2256608639587363	0.0	0.0	0.0	0.02181976871045167	0.12977181788688225	0.06308352258390108	0.0	0.0	0.2956693141631399	0.0	0.0	0.0	0.0707630616818021	0.0	0.1837109614206981	0.0	0.02026068751266293	0.023236900197513653	0.054451402123604685	0.018148820326678763	0.0	0.0	0.0684931506849315	0.0	0.0	0.0	0.1200892091267799	0.05970149253731343	0.0	0.0	0.03170074496750674	0.0	0.0	0.0	0.016051364365971106	0.1429388221841052	0.11560693641618498	1.1200389578767957	0.426560500497654	0.0	0.0	0.0	0.007521624670928921	0.0	0.023446658851113716	0.1557329180455519	0.14995962625446996	0.021181952976064393	0.04676174888940846	0.07309273640931932	0.08031053406505154	0.013347570742124932	0.0	0.0	0.07950274645851402	0.0	0.019657951641438964	0.0	0.03215434083601286	0.0	0.0	0.0	0.017439832577607256	0.0	0.009180207472688884	0.0
HMT-173		0.0	0.0	0.0	0.0	0.026864388566516226	0.016131634134537828	0.033014196104324864	0.0	0.0	0.2379149994592841	0.0	0.09269988412514485	0.0	0.005797437532610586	0.0	0.0	0.012304663467454166	0.011793843613633684	0.0	0.16329863237395387	0.013585110718652356	0.0	0.0	0.19057990743261638	0.0	0.0	0.0	0.00684931506849315	0.0	0.05506607929515419	0.0	0.06862240521530279	0.1791044776119403	0.0	0.0068723799051611575	0.0	0.0	0.0	0.0	0.0	0.7432818753573471	0.0	0.08522035549062576	0.07109341674960899	0.02594033722438392	0.2524127691165553	0.01658649859014762	0.02256487401278676	0.0	0.011723329425556858	0.07786645902277595	0.011535355865728458	0.16945562380851514	1.309328968903437	0.009136592051164915	0.02677017802168384	0.05339028296849973	0.0	0.3099312761083412	0.06504770164787511	0.013301409949454644	0.13760566149007275	0.0	0.01607717041800643	0.0	0.0	0.0	0.017439832577607256	0.0	0.0	0.0
HMT-723		0.0	0.0	0.0	0.0	0.0	0.0	0.0	0.0	0.010909884355225835	0.0	0.0	0.00772499034376207	0.0	0.0	0.0	0.0	0.0	0.0	0.0	0.0	0.0	0.0	0.0	0.0	0.0	0.0	0.0	0.0	0.0	0.0	0.0	0.0	0.0	0.0	1.6459349872860973	0.0	0.0	0.0	0.0	0.0	0.6003430531732418	0.0	0.0	0.0	0.0	0.0	0.0	0.0	0.0	0.011723329425556858	0.0	0.0	0.0	0.42085574000467624	0.0	0.0	0.0	0.0	0.0	0.0	0.0	0.0	0.0	0.0	0.0	0.0	0.0	0.0	0.0	0.0	0.0
HMT-814		0.36557342803425946	0.0	26.595226497808085	0.0	0.0	0.0	0.0	0.0	0.0	0.0	0.0	0.11587485515643105	0.0	0.0	0.0	0.0	0.0	0.0	9.241132512367118	0.0	2.7849476973237333	0.0	0.0	0.0	0.0	0.0	0.0	0.0	4.3405208625035	4.955947136563877	0.7784120394395433	0.0	0.0	0.0	0.0	0.0	0.0	0.0	0.0	0.0	0.0	0.0	0.0	0.0	0.0	0.0	9.885553159727982	0.0	0.0	0.0	0.0	0.0	0.0	0.0	0.0	0.0	0.0	0.0	0.0	0.0	0.0	0.0	0.3939075630252101	0.0	0.0	3.534288926363125	0.0	0.017439832577607256	0.0	0.0	0.0
HMT-810		0.0	0.0	0.0	0.0	0.02149151085321298	0.0	0.033014196104324864	0.0	0.0	0.0	0.0	0.01544998068752414	0.0	0.005797437532610586	0.0	0.0	0.0	0.023587687227267368	0.0	0.0	0.0	0.0	0.0	0.0	0.0	0.0	0.0	0.0	0.0	0.0	0.05189413596263622	0.017155601303825697	0.0	0.0	0.0	0.0	0.0	0.0	0.0	0.0	0.4716981132075472	0.0	0.0	0.0	0.0	0.0	0.0	0.06769462203836028	0.010063399416322834	0.07033997655334115	0.0	0.0	0.042363905952128786	0.32733224222585927	0.0	0.02677017802168384	0.0	0.0	0.0	0.0	0.0	0.0	0.0	0.0	0.0	0.0	0.0	0.0	0.0	0.0	0.0
HMT-785		0.03133486526007938	0.0	0.012177301509985387	0.0	0.0	0.0	0.06602839220864973	0.0	0.0	0.0	0.0	0.023174971031286212	0.0	0.0	0.0	0.0	0.0	0.0	0.0	0.020412329046744233	0.0	0.0	0.0	0.0	0.0	0.0	0.0	0.0	0.05600672080649678	0.3854625550660793	0.15568240788790866	0.0	0.0	0.0	0.0	0.0	0.0660676532769556	0.0	0.0	0.0	0.02858776443682104	0.0	0.0	0.0	0.0	0.0	0.0	0.188040616773223	0.0	0.011723329425556858	0.0	0.0	0.0	0.7715688566752397	0.0	0.02677017802168384	0.0	0.0	0.0	0.0	0.0	0.0	0.0	0.0	0.0	0.0	0.0	0.0	0.0	0.0	0.0
HMT-556		0.4386881136411114	0.006457028475495577	0.0	0.0	0.09133892112615517	0.016131634134537828	0.0	0.15513496742165683	0.0	1.1463177246674596	0.0	1.3982232522209348	0.0	0.028987187663052933	0.026641800985746637	0.024058703235895585	0.0	0.0	0.0	1.1839150847111655	0.0	0.5335314378334571	0.0	0.054451402123604685	0.0	0.0	0.0	0.0	0.5880705684682161	5.2312775330396475	0.9859885832900882	0.0514668039114771	0.3880597014925373	0.6270188105643169	0.04467046938354752	17.150103027421142	1.0306553911205074	0.0	0.0	0.016051364365971106	0.0	0.0	0.9009009009009009	0.0	0.0	0.07423904974016332	0.01658649859014762	0.02256487401278676	0.19120458891013384	0.8323563892145369	0.03893322951138797	0.0	0.042363905952128786	0.0	3.4719049794426677	0.0	0.0	0.0	0.0	0.0	0.9710029263101889	0.0	0.17069327731092437	0.0	0.010721561059290233	0.0	0.02233638597274961	0.1569584931984653	0.0	0.0	0.0
HMT-291		0.0	0.0	0.0	0.0	0.0	0.0	0.0	0.0	0.0	0.0	0.0	0.0	0.0	0.0	0.0	0.0	0.0	0.0	0.0	0.0	0.0	0.0	0.0	0.0	0.0	0.0	0.0	0.0	0.0	0.0	0.0	0.0	0.0	0.0	20.105147412548966	0.0	0.0	0.0	0.0	0.0	0.0	0.0	0.0	0.0	0.0	0.0	0.0	0.0	0.0	0.0	0.0	0.0	0.0	0.0	0.0	0.0	0.0	0.0	0.0	0.0	0.0	0.0	0.0	0.0	0.0	0.0	0.0	0.0	0.0	0.0	0.0
HMT-601		0.020889910173386254	0.01937108542648673	0.0	0.5422039859320047	0.026864388566516226	0.0	0.022009464069549907	0.031026993484331366	0.010909884355225835	0.0	0.025233409033560434	0.0	0.0	0.011594875065221171	0.0	0.0	0.0	0.16511381059087157	0.0	0.04082465809348847	0.013585110718652356	0.027014250016883908	0.0	0.018150467374534896	0.07259528130671505	0.0	0.0	0.00684931506849315	0.0	0.0	0.0	0.017155601303825697	0.417910447761194	0.11400342010260307	0.037798089478386365	0.0	0.013213530655391121	0.01537042729787888	0.27404085700049824	0.03210272873194221	0.01429388221841052	0.26424442609413706	0.30435841246652057	0.0	0.06485084306095978	0.0	0.0	0.0	0.07044379591425984	0.011723329425556858	0.019466614755693987	0.011535355865728458	0.042363905952128786	0.02338087444470423	0.21927820922795796	0.0	0.0	0.0	0.013475272874275704	0.04697889563457647	0.0	0.0	0.026260504201680673	0.0	0.010721561059290233	0.0	0.0	0.008719916288803628	0.1794526693584567	0.02754062241806665	0.1341381623071764
HMT-120		0.0	0.0	0.0	0.0	0.04835589941972921	0.0	0.0	0.0	0.0	0.0	0.0	0.0	0.0	0.0	0.0	0.012029351617947793	0.0	0.0	0.0	0.0	0.0	0.30391031268994395	0.0	0.0	0.054446460980036304	0.0	0.0	0.00684931506849315	0.0	0.0	0.0	0.0	0.208955223880597	0.0	0.0	0.0	0.0	0.0	0.0	0.016051364365971106	0.0	0.0	0.0	0.0	0.0	0.0	0.0	0.0	0.0	0.0	0.019466614755693987	0.011535355865728458	0.0	0.0	0.027409776153494745	0.0	0.0	0.0	0.0	0.0036137612026597285	0.0	0.0	0.0	0.0	0.0	0.0	0.0	0.0	0.0	0.0	0.0894254415381176
HMT-127		0.0	0.0	0.0	0.0	0.032237266279819474	0.0	0.0	0.0	0.010909884355225835	0.17302909051584298	0.012616704516780217	0.0	0.0	0.3942257522175198	0.0	0.0	0.0	0.011793843613633684	0.0	0.1224739742804654	0.0	0.16208550010130343	0.0	0.0	0.054446460980036304	0.0	0.0	0.04109589041095891	0.0	0.0	0.02594706798131811	0.4460456338994682	0.1492537313432836	0.057001710051301537	0.0	0.0	0.0	0.0	0.0	0.08025682182985554	0.04288164665523156	0.0	0.34088142196250304	0.0	0.0	0.0	0.0	0.0	0.0	0.035169988276670575	0.019466614755693987	0.011535355865728458	0.0	0.0	0.14618547281863864	0.0	0.0	0.0	0.0	0.014455044810638914	0.0	0.019657951641438964	0.0	0.0	0.0	0.0	0.0	0.0	0.0	0.036720829890755535	0.0
HMT-817		76.01838312095258	97.68838380577259	0.0	0.24912075029308325	92.64990328820116	0.2258428778835296	0.055023660173874764	97.45578653428483	93.0722234344316	0.0	89.42720161493818	61.2823483970645	0.0	0.0	98.8011189556414	92.626007458198	71.08404085148271	87.35699964618469	64.48794863698558	86.36456419677485	0.013585110718652356	34.0312014587695	15.963750435691878	0.009075233687267448	0.03629764065335753	75.23809523809524	0.0	96.47260273972603	0.0	0.0	0.0	72.99708354777835	0.0	0.0	0.010308569857741735	0.0	15.525898520084565	88.61051337227175	0.523168908819133	96.19582664526484	0.0	0.0	0.012174336498660824	0.0	95.96627756160831	0.014847809948032666	0.0	0.0	54.04045486565362	80.6799531066823	86.02297060541171	72.2805398546545	91.71785638635882	0.16366612111292964	0.0	0.0	75.08008542445275	0.0	95.98436868346583	41.83289968198902	0.03990422984836393	90.28897188912916	30.685399159663866	97.82958199356914	0.0	0.0	97.31963368327004	96.33763515870247	97.24091520861373	90.76471128247499	95.99821149116924
HMT-615		0.0	0.0	0.0	0.11723329425556857	0.0	0.0	0.0	0.0	0.054549421776129176	78.0144911863307	0.0	1.7535728080339898	5.832839359810314	0.005797437532610586	0.0	0.0	0.0	0.0	11.472476581412483	1.653398652786283	0.05434044287460942	33.24103464577565	0.13942140118508192	73.25528632362284	0.0	0.0	0.0	0.00684931506849315	0.0	0.05506607929515419	0.7265179034769071	0.0	4.119402985074627	0.0	61.11951068655075	21.382152480583294	0.9117336152219873	0.03074085459575776	0.0	0.0	35.20583190394511	83.73245251857968	0.0	0.0	0.0	97.89161098737937	0.03317299718029524	6.987589319292967	0.0	1.8405627198124268	0.0	0.011535355865728458	0.0	13.958382043488427	71.29282777523983	0.0	1.187933796049119	0.0	0.0	0.0	8.579409417398244	0.0	8.941701680672269	0.0	29.04470890961724	0.0	0.02233638597274961	1.1248692012556678	0.0	3.7088038189663086	0.0
HMT-838		15.782327135993315	0.07102731323045135	4.1037506088650755	97.2010550996483	0.0	59.074044200677534	0.033014196104324864	0.589512876202296	0.010909884355225835	0.0	0.025233409033560434	16.601004248744687	84.41019561351511	56.669951881268474	0.026641800985746637	0.0	15.39313399778516	0.0	0.01052520787285549	0.6327822004490713	0.02717022143730471	0.006753562504220977	72.766352968514	0.0	99.60072595281306	9.688013136289	80.93260938997126	0.00684931506849315	7.532903948473817	0.0	58.977685521536074	0.03431120260765139	79.3731343283582	0.0	0.0	0.0	35.99365750528541	0.261297264063941	84.28001993024414	0.048154093097913325	0.01429388221841052	0.0	77.02702702702703	75.77136357173325	0.02594033722438392	0.0	44.84989218775917	67.31854080481384	40.152963671128106	0.0	1.401596262409967	25.389318260468336	0.021181952976064393	0.0	0.0	0.0	0.0	96.0327807785435	0.0	40.239230991616076	53.152434158020746	0.0	50.42016806722689	0.01607717041800643	55.71995282513134	2.4522203485103993	0.31270940361849453	0.008719916288803628	0.0	0.018360414945377768	0.0
HMT-839		1.1176101942761645	0.006457028475495577	0.0	0.5128956623681126	3.266709649688373	40.07097919019197	94.5526576427864	0.2792429413589823	0.04363953742090334	0.0	7.431238960383547	1.861722672846659	6.662714878482514	23.728911820975128	0.026641800985746637	2.008901720197281	0.0	0.05896921806816842	0.0	0.4082465809348847	95.3538921342209	0.04052137502532586	8.911351225746486	0.009075233687267448	0.0	0.0	0.0	1.547945205479452	0.0	20.29185022026432	15.93149974052932	14.256304683479156	0.0	78.51035531065932	0.0	20.557933111428117	0.9117336152219873	0.16907470027666768	6.240657698056801	0.5778491171749599	0.0	9.314616019818333	0.0	17.688042087302716	1.9584954604409857	0.0	0.0	2.444528018051899	2.395089061084834	7.971864009378664	5.664784893906949	0.0	0.0	0.0	0.0	74.54156070137866	6.847303790710091	3.5388340473086233	0.013475272874275704	0.0	29.063580739558393	8.17770788283861	2.7573529411764706	1.8488745980707395	0.0	0.0	1.6975653339289705	0.0	0.0	1.2026071789222437	0.49183992845964675
HMT-816		0.0	0.0	0.0	0.0	0.0	0.0	0.0	0.0	0.0	0.0	0.0	0.03862495171881035	0.0	0.0	0.0	0.46914471309996386	0.516795865633075	0.011793843613633684	0.0	0.0	0.0	0.0	0.0	0.0	0.0	0.24630541871921183	0.0	0.0	0.0	0.0	0.12973533990659056	1.818493738205524	0.0	0.0	0.0	0.3804089396100808	0.07928118393234672	0.01537042729787888	0.0	0.2086677367576244	0.0	0.0	0.0	0.0	0.0	0.0	0.1658649859014762	0.0	0.0	1.3012895662368111	0.4477321393809616	0.1384242703887415	0.0	0.0	0.0	0.0	3.043246129204485	0.0	0.0	0.0	0.0	0.0	0.0	0.0	0.0	0.0	0.0	0.0	0.0	0.17442394198108876	0.0223563603845294
HMT-938	Because HMT-818 is not present individually, all equidistant reads were assigned to HMT-938 at this body site (VIN).	0.0	0.0	0.0	0.0	0.0	0.0	0.0	0.0	0.0	0.0	0.0	0.0	0.0	0.0	0.0	0.0	0.0	0.0	0.0	0.0	0.0	0.0	0.0	0.0	0.0	0.0	0.0	0.0	0.0	0.0	0.0	0.0	0.0	0.0	0.0	0.0	0.0	0.0	0.0	0.0	5.874785591766724	0.0	0.0	0.0	0.0	0.0	0.0	0.0	0.0	0.0	0.0	0.0	0.0	2.8992284311433245	0.0	0.0	0.0	0.0	0.0	0.0	0.0	0.0	0.0	0.0	0.0	0.0	0.0	0.0	0.0	0.0	0.0
HMT-051		0.40735324838103193	0.2001678827403629	0.0	1.2016412661195779	0.0	0.0	0.12105205238252448	0.031026993484331366	1.985598952651102	0.49745863523304856	0.0	0.5484743144071069	0.3912270302311796	0.0	0.06660450246436658	0.8540839648742933	0.0	0.2830522467272084	0.3052310283128092	0.0	0.0	0.20260687512662928	1.0921343092831417	0.0	0.0	0.0	0.0	0.2054794520547945	0.0	0.0	1.3492475350285418	0.3088008234688626	0.0	0.0	0.0	0.26945633222380727	0.766384778012685	0.01537042729787888	1.9805680119581466	0.0	0.0	0.0	0.0	0.0	0.42801556420233466	0.0	0.0	1.526889808198571	0.48304317198349606	1.981242672919109	0.4671987541366556	0.253777829046026	4.871849184494811	0.0	0.0	0.69602462856378	1.2279765082754939	0.0	0.17517854736558416	0.0	0.9577015163607342	0.0	0.5252100840336135	0.14469453376205788	0.0643293663557414	0.0	0.513736877373241	1.4387861876525985	1.8618214445939882	0.5691728633067108	0.0
HMT-537		0.0	0.0	0.0	0.0	0.0	0.0	0.31913722900847363	0.0	0.0	0.0	0.0	0.0	0.0	0.0	0.0	0.0	0.0	0.0	0.0	0.020412329046744233	0.0	0.0	0.0	0.0	0.0	0.0	0.2235707441711913	0.0	0.0	0.0	0.0	0.0	0.0	18.90556716701501	2.632121503676723	1.45823426850531	0.0	0.0	0.0	0.0	0.0	0.0	0.0	0.17062420019906158	0.0	0.0	0.0	0.0	0.0	0.15240328253223917	0.0	0.034606067597185375	0.0	0.0	0.0	0.01338508901084192	0.32034169781099836	0.018625442354255912	0.0	0.0	0.0	0.0	0.0	0.0	0.0	0.0	0.0	0.0	0.0	2.276691453226843	0.0
HMT-543		0.05222477543346564	0.0	0.0	0.0	0.0	0.0	0.09904258831297458	0.0	0.0	3.4281388558451393	0.0	0.14677481653147934	0.0	0.017392312597831756	0.0	0.0	0.0	0.0	0.0	0.020412329046744233	0.0	0.013507125008441954	0.011618450098756826	0.0	0.0	0.0	0.0	0.0	0.0	3.7995594713656384	0.0	0.0	0.029850746268656716	0.0	0.04467046938354752	0.0	0.1321353065539112	0.0	0.0	0.0	0.0	0.0	0.12174336498660823	0.0	0.0	0.0	0.0	0.0	0.0	0.09378663540445487	0.019466614755693987	0.0	0.0	0.0	3.8739150296939244	2.690402891179226	0.0	0.0	0.0	0.007227522405319457	0.0	0.019657951641438964	0.0	0.01607717041800643	0.0	0.014052838673412029	0.0	0.0	0.0	0.0	0.0
HMT-755		0.3029036975141007	0.032285142377477885	0.0	0.0	0.016118633139909737	0.0	0.011004732034774953	0.09308098045299411	0.0	0.0	0.0	0.0	0.0	0.03478462519566351	0.0	0.0	0.06152331733727083	0.0	0.1052520787285549	0.0	0.4075533215595707	0.013507125008441954	0.011618450098756826	0.0	0.018148820326678763	0.0	1.006068348770361	0.0	0.02800336040324839	0.0	0.02594706798131811	0.03431120260765139	0.05970149253731343	0.057001710051301537	0.04123427943096694	0.01585037248375337	0.0	0.01537042729787888	0.0622820129546587	0.06420545746388442	0.01429388221841052	0.1486374896779521	0.0	0.0	0.0	0.0	0.0829324929507381	0.0	0.07044379591425984	0.058616647127784284	0.0	0.011535355865728458	0.06354585892819319	0.0	0.009136592051164915	0.02677017802168384	0.0	0.11175265412553548	0.0	0.061433940445215385	0.0	0.09828975820719481	0.0	0.0	4.931918087273507	0.0	0.08934554389099844	0.07847924659923265	0.08972633467922835	0.018360414945377768	0.0
HMT-086		0.0	0.0	0.0	0.0	0.005372877713303245	0.016131634134537828	0.033014196104324864	0.0	0.0	0.0	0.0	0.03089996137504828	0.0	0.0	0.0	0.0	0.0	0.011793843613633684	0.0	0.0612369871402327	0.0	0.0	0.011618450098756826	0.0	0.0	0.0	0.0	0.0	0.02800336040324839	0.22026431718061676	0.0	0.0	0.0	1.083032490974729	2.1304377705999586	0.0	0.013213530655391121	0.0	0.0	0.0	4.288164665523156	0.0	0.0	0.0	0.0	0.0	0.0	0.007521624670928921	0.0	0.3399765533411489	0.0	0.0	0.0	2.6654196866962825	0.0	0.21416142417347073	0.0	0.037250884708511824	0.0	0.0	0.0	0.0	0.0	0.0	0.0	0.0	0.0	0.008719916288803628	0.0	0.10098228219957771	0.0
HMT-924		0.0	0.0	0.0	0.0	0.0	0.0	0.0	0.0	0.0	0.0	0.0	0.0	0.0	0.0	0.0	0.0	0.0	0.0	0.0	0.0	0.0	0.0	0.0	0.0	0.0	0.0	0.0	0.0	0.0	0.0	0.0	0.0	0.0	0.0	0.0	0.0	0.0	0.0	0.0	0.0	0.0	0.0	0.024348672997321647	0.0	0.0	0.0	16.7191905788688	0.0	0.0	0.0	0.0	0.0	0.0	0.0	0.0	0.0	0.0	0.0	0.0	0.0	0.0	0.0	0.0	0.0	0.0	42.81197301854975	0.0	0.0	0.0	0.0	0.0
HMT-542		0.10444955086693128	0.0	0.0	0.0	0.005372877713303245	0.0	0.0	0.0	0.0	0.0	0.012616704516780217	0.1544998068752414	0.0	0.0	0.0	0.0	0.0	0.0	0.0	0.04082465809348847	0.013585110718652356	0.0	0.0	0.0	0.0	0.0	0.0	0.0	0.02800336040324839	0.5506607929515419	0.0	0.0	0.0	0.0	0.0	1.4423838960215565	0.07928118393234672	0.0	0.0	0.0	0.0	0.0	0.048697345994643294	0.0	0.02594033722438392	0.0	0.0	0.0	0.14088759182851968	0.0	0.0	0.011535355865728458	0.0	0.0	0.0	0.0	0.0	0.0	0.0	0.0	0.0	0.0	0.15756302521008403	0.0	0.0	0.0	0.0	0.0	0.0	0.0	0.0
HMT-123		0.0	0.0	0.0	0.0	0.005372877713303245	0.0	0.0	0.0	0.0	0.0	0.0	0.0	0.0	0.0	0.0	0.0	0.0	0.0	0.0	0.0	0.0	0.0	0.0	0.0	0.0	0.0	0.0	0.0	0.0	0.0	0.0	0.0	0.0	0.0	0.0	0.0	0.0	0.0	0.0	0.0	7.418524871355061	0.0	0.0	0.0	0.0	0.0	0.0	0.0	0.0	0.0	0.0	0.0	0.0	0.6312836100070143	0.0	0.0	0.0	0.0	0.0	0.0	0.0	0.0	0.0	0.0	0.0	0.0	0.0	0.0	0.0	0.0	0.0
HMT-843		0.06266973052015876	0.0	0.6941061860691671	0.0	0.005372877713303245	0.016131634134537828	0.011004732034774953	0.0	0.0	0.0	0.0	0.1544998068752414	0.0	0.011594875065221171	0.0	0.03608805485384337	0.0	0.0	0.0	0.04082465809348847	0.36679798940361363	0.0	0.03485535029627048	0.0	0.0	0.03284072249589491	0.0	0.0	0.4760571268552226	0.6057268722466961	0.9600415153087701	0.0	0.029850746268656716	0.0	5.357020136073122	3.8991916310033283	0.29069767441860467	0.0	0.0	0.0	3.058890794739851	0.0	0.0	0.15640551684913975	0.0	0.0	0.34831647039310004	0.12034599473486274	0.010063399416322834	0.902696365767878	0.0	0.0	0.0	6.382978723404255	0.2923709456372773	0.12046580109757729	0.2669514148424987	0.0	0.013475272874275704	0.0	0.11971268954509177	0.0	0.013130252100840336	0.0	0.0	0.1475548060708263	0.0	0.0	0.0	0.0	0.0
HMT-119		0.0	0.0	0.0	0.0	0.005372877713303245	0.0	0.0	0.0	0.0	0.0	0.0	0.0	0.0	0.0	0.0	0.0	0.0	0.0	0.0	0.0	0.0	0.0	0.0	0.0	0.0	0.0	0.0	0.0	0.0	0.0	0.0	0.0	0.0	0.0	0.0	0.0	0.0	0.0	0.0	0.0	2.8444825614636935	0.0	0.0	0.0	0.0	0.0	0.0	0.0	0.0	0.0	0.0	0.0	0.0	0.21042787000233812	0.0	0.0	0.0	0.0	0.0	0.0	0.0	0.0	0.0	0.0	0.0	0.0	0.0	0.0	0.0	0.0	0.0
HMT-841		0.13578441612701067	0.0	19.39844130540672	0.0	0.0	0.0	0.0	0.0	0.0	0.0	0.0	0.0	0.0	0.0	0.0	0.0	0.0	0.0	0.0	0.0	0.02717022143730471	0.0	0.0	0.0	0.0	0.0	0.0	0.0	13.385606272752732	0.0	0.0	0.0	0.0	0.0	0.0	0.0	0.0	0.0	0.0	0.0	0.0	0.0	0.012174336498660824	0.0	0.0	0.0	14.397080776248133	0.0	0.0	0.0	0.0	0.0	0.0	0.0	0.009136592051164915	0.0	0.013347570742124932	0.0	0.0	0.0	0.0	0.0	0.0	0.0	0.0	11.544406970207982	0.0	0.0	0.0	0.0	0.0
HMT-738		0.0	0.0	0.0	0.0	0.0	0.0	0.0	0.0	0.04363953742090334	0.2595436357737645	0.0	0.0	0.011855364552459988	0.005797437532610586	0.0	0.0	0.0	0.10614459252270315	0.0	0.020412329046744233	0.0	0.0	0.0	0.0	0.0	0.0	0.0	0.0	0.0	0.0	0.0	0.0	0.0	0.0	0.0	0.0	0.0	0.0	0.0	0.0	0.0	0.0	0.0	0.0	0.0	0.0	0.0	0.06017299736743137	0.0	0.0	0.0	0.0	0.0	0.04676174888940846	0.15532206486980357	0.0	0.0	0.0	0.0	0.028910089621277828	0.0	0.0	0.0	0.0	0.0	0.0	0.0	0.0	0.0	0.036720829890755535	0.0
HMT-788		0.0	0.0	0.0974184120798831	0.0	0.0	0.0	0.0	0.0	0.0	0.0	0.0	2.526071842410197	0.0	0.0	0.0	0.0	0.0	0.011793843613633684	0.0	0.020412329046744233	0.0	0.0	0.011618450098756826	0.0	0.0	0.0	0.0	0.0	0.0	0.0	0.0	0.0	0.0	0.0	0.013744759810322315	4.152797590743383	3.528012684989429	0.0	0.0	0.0	0.0	0.09909165978530139	0.0	0.0	0.0	0.0	0.0	0.037608123354644606	0.0	0.035169988276670575	0.0	0.011535355865728458	0.0	0.0	0.0	0.0	0.0	0.018625442354255912	0.0	0.0	0.0	0.0	0.03939075630252101	0.0	0.0	0.0	0.0	0.0	0.0	0.0	0.0
HMT-662		0.010444955086693127	0.025828113901982308	0.0	0.0	0.4298302170642596	0.14518470721084045	0.15406624848684933	0.2792429413589823	0.06545930613135502	3.6227965826754622	0.11355034065102196	1.104673619157976	0.023710729104919975	0.3246565018261928	0.03996270147861995	0.12029351617947792	0.11074197120708748	0.17690765420450527	0.06315124723713293	0.9797917942437232	0.13585110718652357	0.14857837509286148	0.046473800395027305	0.09075233687267446	0.0	0.0	0.0	0.03424657534246575	0.0	0.6883259911894273	0.700570835495589	0.7720020586721564	0.08955223880597014	0.03800114003420103	0.02748951962064463	1.7276906007291173	1.0702959830866807	0.0	0.012456402590931738	0.06420545746388442	1.3293310463121784	0.18166804293971925	0.9861212563915266	1.805772785440068	0.10376134889753567	0.16332590942835934	0.0	0.6468597216998871	0.2616483848243937	0.902696365767878	0.21413276231263384	0.3114546083746684	0.21181952976064394	5.681552490063129	2.5491091822750116	2.0345335296479723	0.32034169781099836	0.05587632706276774	0.08085163724565422	0.06866146285053483	0.10641127959563715	0.13760566149007275	0.2757352941176471	0.0	0.0	0.042158516020236084	0.0	0.23543773979769794	0.0	0.35802809143486647	0.0
HMT-929		0.07311468560685189	0.03874217085297346	0.012177301509985387	0.0	0.49967762733720184	0.0	0.25310883679982393	0.0	0.0	0.2162863631448037	0.0	0.13904982618771727	0.4860699466508595	0.005797437532610586	0.0	0.24058703235895584	0.024609326934908332	0.0	0.0	0.1224739742804654	0.0	0.0	0.0	0.0	0.0	0.0	0.0	0.0136986301369863	0.0	0.24779735682819384	0.0	0.03431120260765139	0.0	0.0	0.0	0.0	6.633192389006343	0.0	0.0	0.0	1.1578044596912522	0.0	0.024348672997321647	0.0	0.0	0.0	0.01658649859014762	2.9033471229785635	0.010063399416322834	0.04689331770222743	0.03893322951138797	0.011535355865728458	0.021181952976064393	7.061024082300678	0.0	0.4015526703252577	0.0	0.0	0.0	0.0	0.0	0.0	0.0	0.0	0.0	0.04918493535694211	0.0	0.0	0.0	0.009180207472688884	0.0
HMT-109		0.08355964069354502	0.0	0.012177301509985387	0.0	0.2793896410917688	0.0	0.1650709805216243	0.18616196090598822	0.0	2.2926354493349193	0.03785011355034065	1.1896485129393588	0.0	0.11594875065221173	0.0	0.012029351617947793	0.0	0.05896921806816842	0.0	0.22453561951418657	0.0	0.04052137502532586	0.023236900197513653	0.0	0.018148820326678763	0.0	0.0	0.0136986301369863	0.0	6.387665198237885	0.3113648157758173	0.06862240521530279	0.3880597014925373	0.11400342010260307	0.0068723799051611575	0.23775558725630053	2.418076109936575	0.0	0.0	0.016051364365971106	0.42881646655231564	0.0	0.20696372047723396	0.07109341674960899	0.1815823605706874	0.07423904974016332	0.0	0.27830011282437006	0.04025359766529134	0.2813599062133646	0.03893322951138797	0.126888914523013	0.0	1.730184708908113	1.0050251256281406	0.4952482934011512	0.026695141484249865	0.05587632706276774	0.013475272874275704	0.007227522405319457	0.013301409949454644	0.0	0.10504201680672269	0.0	0.0	0.035132096683530074	0.0	0.061039414021625396	0.0	0.08262186725419994	0.0
HMT-420		0.03133486526007938	0.0	0.0	0.0	0.005372877713303245	0.0	0.0	0.0	0.0	0.0	0.0	0.0	0.0	0.0	0.0	0.0	0.0	0.0	0.0	0.0612369871402327	0.0	0.02026068751266293	0.0	0.0	0.0	0.0	0.0	0.0	0.0	4.2676211453744495	0.0	0.0	0.029850746268656716	0.0	0.0	0.0	0.052854122621564484	0.0	0.0	0.0	2.9588336192109774	0.0	0.0	0.0	0.0	0.0	0.0	0.0	0.010063399416322834	0.0	0.019466614755693987	0.0	0.021181952976064393	4.839841010053776	0.0	0.0	0.0	0.0	0.0	0.0	0.0	0.0	0.0	0.0	0.0	0.035132096683530074	0.0	0.0	0.0	0.0	0.0
HMT-837		0.0	0.0	1.412566975158305	0.0	0.0	0.0	0.0	0.0	0.0	0.0	0.0	0.0	0.0	0.0	0.0	0.0	0.0	0.0	0.0	0.0	0.0	0.0	0.0	0.0	0.0	0.0	0.0	0.0	0.0	0.0	0.0	0.0	0.0	0.0	0.0	0.0	0.0	0.0	0.0	0.0	0.0	0.0	0.0	0.0	0.0	0.0	0.06634599436059048	0.0	0.0	0.0	0.0	0.0	0.0	0.0	0.0	0.0	0.0	0.0	0.0	0.0	0.0	0.0	0.06565126050420168	0.0	0.0	0.07026419336706015	0.0	0.0	0.0	0.0	0.0
HMT-844		0.0	0.0	1.6195811008280565	0.0	0.0	0.0	0.0	0.0	0.0	0.0	0.0	0.0	0.0	0.0	0.0	0.0	0.0	0.0	0.0	0.0	0.0	0.0	0.0	0.0	0.0	0.0	0.0	0.0	19.462335480257632	0.0	0.0	0.0	0.0	0.0	0.0	0.0	0.0	0.0	0.0	0.0	0.0	0.0	0.0	0.0	0.0	0.0	0.04975949577044286	0.0	0.0	0.0	0.0	0.0	0.0	0.0	0.0	0.0	0.0	0.0	0.0	0.0	0.0	0.0	0.0	0.0	0.0	0.17566048341765036	0.0	0.0	0.0	0.0	0.0
HMT-590		0.0	0.0	0.0	0.0	0.0	0.0	0.0	0.0	0.0	0.0	0.0	0.0	0.0	0.0	0.0	0.0	0.0	0.0	0.0	0.0	0.0	0.0	0.0	0.0	0.0	0.016420361247947456	0.0	0.0	0.0	0.0	0.0	0.0	0.0	0.0	0.0	0.0	0.0	0.04611128189363664	0.012456402590931738	0.0	0.0	0.0	0.12174336498660823	0.0	0.0	0.0	0.0	0.0	0.0	0.0	0.0	0.0	0.0	0.0	0.1735952489721334	0.0	0.22690870261612384	0.0	0.0	0.06866146285053483	0.0	0.0	0.0	0.0	0.010721561059290233	0.0	0.0	0.0	0.0	0.0	0.0
HMT-636		0.0	0.0	0.0	0.0	0.0	0.0	0.0	0.0	0.0	0.0	0.0	0.0	0.0	0.0	0.0	0.0	0.024609326934908332	0.05896921806816842	0.01052520787285549	0.0	0.0	0.0	0.0	0.0	0.0	0.0	0.015969338869370808	0.00684931506849315	0.0	0.0	0.0	0.0	0.0	0.0	0.0	0.01585037248375337	0.0	0.01537042729787888	0.0	0.0	0.0	0.0	0.060871682493304116	0.0	0.0	0.0	0.0	0.0	0.0	0.0	0.0	0.0	0.0	0.0	0.07309273640931932	0.02677017802168384	0.0	0.0	0.0	0.03252385082393756	0.0	0.0	0.013130252100840336	0.0	0.0	0.0	0.0	0.0	0.0	0.0	0.0
HMT-004		0.0	0.0	0.0	0.0	0.0	0.0	0.0	0.0	0.16364826532838753	0.0	0.0	0.0	0.0	0.08696156298915879	0.10656720394298655	0.0	0.024609326934908332	0.047175374454534735	0.0	0.08164931618697693	0.0	0.0	0.0	0.0	0.0	0.06568144499178982	0.0	0.0	0.0	0.0	0.0	0.0	0.0	0.0	0.0	0.0	0.0	0.09222256378727328	0.07473841554559044	0.016051364365971106	0.0	0.0	0.12174336498660823	0.0	0.0	0.029695619896065333	0.0	0.0	0.0	0.0	0.0	0.0	0.0	0.0	0.0	0.0	0.013347570742124932	0.0	0.0	0.0	0.0	0.0	0.0	0.0	0.0	0.0	0.0	0.0	0.0	0.02754062241806665	0.0
HMT-343		0.0	0.5617614773681152	0.0	0.0	0.0	0.016131634134537828	0.0	0.0	0.0	0.021628636314480372	0.03785011355034065	0.0	0.0	0.046379500260884686	0.0	0.024058703235895585	0.0	0.047175374454534735	0.05262603936427745	0.020412329046744233	0.0	16.411156885256972	0.13942140118508192	2.8133224430529085	0.0	0.06568144499178982	0.04790801660811242	0.0958904109589041	0.0	0.0	0.0	0.0	0.0	0.0	0.0	0.0	0.0	0.01537042729787888	0.0	0.0	0.0	0.049545829892650696	0.0	0.0	0.0	0.0	0.0	0.0	0.0	0.0	0.0	0.0	0.0	0.0	0.0	0.05354035604336768	0.0	0.0	0.026950545748551408	0.007227522405319457	0.0	0.0	0.0	0.0	0.0	0.0	0.0	0.008719916288803628	0.0	0.0	0.0
HMT-571		0.0	0.025828113901982308	0.0	0.029308323563892142	0.0	0.0	0.0	0.0	0.0	0.49745863523304856	0.012616704516780217	0.0	0.0	0.0	0.0	0.0	0.0	0.0	0.0	0.0612369871402327	0.0	2.6744107516715068	0.0	0.6624920591705237	0.0	0.0	0.0	0.0	0.05600672080649678	0.0	0.0	0.017155601303825697	0.0	0.019000570017100513	0.0	0.0	0.0	0.0	0.0	0.0	0.0	0.0	0.0	0.17062420019906158	0.0	0.0	0.0	0.0	0.0	0.0	0.0	0.0	0.0	0.0	0.0	0.0	0.0	0.0	0.0	0.0	0.0	0.0	0.0	0.0	0.0	0.0	0.0	0.0	0.0	0.0	0.0
HMT-174		0.0	0.0	0.0	0.0	0.0	0.0	0.0	0.0	0.0	0.0	0.0	0.0	0.0	0.0	0.0	0.0	0.0	0.0	0.0	0.0	0.0	0.0	0.0	3.1944822579181418	0.0	0.0	0.06387735547748323	0.0	0.0	0.0	0.0	0.0	3.582089552238806	0.0	0.0	0.0	0.026427061310782242	0.0	0.0	0.016051364365971106	0.0	0.0	0.20696372047723396	0.0	0.06485084306095978	0.0	0.0	0.0	0.0	0.0	0.0	0.0	0.0	0.0	0.0	0.0	0.0	0.0	0.0	0.0	0.0	0.2752113229801455	0.0	0.0	0.11793717165219256	0.0	0.0	0.0	0.0	0.0	0.0
HMT-842		0.020889910173386254	0.0	0.0	0.0	0.016118633139909737	0.0	0.1870804445911742	0.0	0.0	0.2162863631448037	0.0	1.544998068752414	0.0	0.0	0.0	0.0	0.0	0.03538153084090105	0.0	0.08164931618697693	0.0	0.027014250016883908	0.06971070059254096	0.0	0.0	0.0	0.0	0.0	0.504060487258471	6.112334801762115	0.07784120394395433	0.0514668039114771	0.029850746268656716	0.019000570017100513	0.0	0.0	5.932875264270613	0.0	0.0	0.0	0.0	0.0	0.0	0.0	0.0	0.014847809948032666	0.0	0.8048138397893945	0.0	0.0	0.0	0.0	0.0	0.0	0.0	0.6157140944987284	0.0	0.0	0.0	0.02168256721595837	0.0	0.0	0.0	0.0	0.0321646831778707	0.014052838673412029	0.0	0.0	0.0	0.0	0.0
HMT-612		0.0	0.0	0.0	0.0	0.0	0.016131634134537828	0.12105205238252448	0.0	0.458215142919485	1.7086622688439497	0.25233409033560433	0.0	0.15411973918197985	1.316018319902603	0.1598508059144798	0.7217610970768675	3.875968992248062	1.34449817195424	1.789285338385433	0.1837109614206981	0.02717022143730471	0.0	0.0	0.0	0.0	0.5747126436781609	1.9482593420632386	0.3561643835616438	0.0	0.0	0.0	0.0	0.0	0.0	0.0	0.12680297987002695	0.0	2.6590839225330463	0.0622820129546587	0.048154093097913325	0.0	0.0	0.3287070854638422	0.14218683349921798	0.0	0.13363028953229397	0.0	0.0	0.0	0.0	0.0	0.0	0.0	0.0	0.03654636820465966	0.0	0.8408969567538708	0.0	0.08085163724565422	0.0758889852558543	0.0	0.0	0.5120798319327731	0.0	0.0	0.0	0.0	0.0	0.0	0.0	0.0
HMT-663		0.0	0.6069606766965843	0.0	0.0	0.0	0.048394902403613486	0.0	0.0	0.0	0.021628636314480372	0.10093363613424174	0.0	0.023710729104919975	0.8928053800220304	0.2264553083788464	0.024058703235895585	0.11074197120708748	0.08255690529543579	0.05262603936427745	0.10206164523372117	0.0	9.772404943607754	0.08132915069129779	0.8802976676649424	0.0	0.0	0.015969338869370808	0.0136986301369863	0.08401008120974517	0.027533039647577095	0.0	0.0	0.0	0.0	0.0	0.0	0.0	0.0	0.0	0.0	0.0	0.0	0.0	0.0	0.0	0.0	0.0	0.0	0.0	0.0	0.0	0.0	0.0	0.0	0.0	0.0	0.05339028296849973	0.0	0.0	0.0	0.0	0.0	0.0	0.0	0.0	0.0	0.0	0.0	0.0	0.0	0.0
Unmatched		4.919573845832463	0.6779879899270356	45.847540185094985	0.14654161781946073	2.3372018052869117	0.3387643168252944	3.6865852316496093	0.8997828110456096	4.036657211433559	7.515951119281929	2.447640676255362	9.269988412514484	2.003556609365738	15.989332714939996	0.5195151192220594	2.826897630217731	8.760920388827365	10.012973227974998	12.335543626986635	7.08307817922025	0.5705746501833989	2.2962112514351323	0.6622516556291391	18.640529993647338	0.12704174228675136	14.072249589490967	15.745768125199616	1.095890410958904	45.30943713245589	46.035242290748904	18.81162428645563	8.886601475381713	10.865671641791044	0.3040091202736082	6.776166586488901	26.12141385322555	24.52431289640592	8.038733476790656	6.4773293472845035	2.584269662921348	33.24757004002287	5.978530140379852	17.944971999026052	3.5262334707806056	1.1543450064850844	1.3511507052709724	13.31895836788854	16.55509590071455	2.113313877427795	2.4032825322391558	5.314385828304458	1.211212365901488	2.753653886888371	50.455927051671736	16.582914572864322	17.815553473430597	10.464495461825948	0.1303780964797914	3.287966581323272	17.2918473547268	6.983240223463687	0.8256339689404365	4.8975840336134455	0.09646302250803858	10.056824273614238	39.031759415401915	0.02233638597274961	0.47959539588419947	0.6280843427545985	0.5783530707793997	3.2640286161412924
