HOT-ID	Notes	S700016101-PFO	S700016506-PFO	S700016606-PFO	S700021932-PFO	S700023102-PFO	S700023204-PFO	S700023283-PFO	S700023436-PFO	S700023493-PFO	S700023670-PFO	S700023804-PFO	S700023861-PFO	S700023918-PFO	S700024003-PFO	S700024080-PFO	S700024163-PFO	S700024270-PFO	S700024395-PFO	S700024768-PFO	S700024845-PFO	S700024882-PFO	S700032286-PFO	S700032380-PFO	S700032477-PFO	S700032677-PFO	S700033044-PFO	S700033195-PFO	S700033501-PFO	S700033791-PFO	S700034230-PFO	S700034296-PFO	S700034836-PFO	S700035699-PFO	S700035995-PFO	S700037014-PFO	S700037177-PFO	S700037236-PFO	S700037339-PFO	S700037716-PFO	S700037850-PFO	S700037983-PFO	S700038320-PFO	S700038738-PFO	S700038797-PFO	S700095277-PFO	S700095711-PFO	S700097355-PFO	S700097752-PFO	S700097901-PFO	S700098331-PFO	S700098423-PFO	S700098996-PFO	S700099123-PFO	S700099352-PFO	S700099950-PFO	S700100291-PFO	S700100538-PFO	S700101222-PFO	S700101288-PFO	S700101579-PFO	S700102649-PFO	S700103305-PFO	S700103515-PFO	S700103708-PFO	S700105065-PFO	S700105122-PFO	S700105179-PFO	S700105236-PFO	S700105453-PFO	S700105494-PFO	S700105646-PFO	S700105721-PFO	S700105796-PFO	S700105998-PFO	S700106054-PFO	S700106091-PFO	S700106520-PFO	S700106912-PFO	S700107439-PFO	S700108159-PFO	S700108282-PFO	S700108405-PFO	S700108594-PFO	S700108660-PFO	S700109685-PFO	S700109985-PFO	S700110153-PFO	S700110810-PFO	S700111220-PFO	S700111286-PFO	S700111360-PFO	S700111638-PFO	S700111809-PFO	S700113160-PFO	S700113211-PFO	S700113539-PFO	S700113578-PFO	S700113751-PFO	S700113856-PFO	S700113913-PFO	S700113970-PFO	S700113997-PFO	S700114161-PFO	S700114234-PFO	S700114458-PFO	S700114505-PFO	S700114594-PFO	S700114651-PFO	S700114834-PFO	S700116112-PFO	S700116217-PFO	S700116342-PFO	S700116447-PFO	S700116484-PFO	S700116657-PFO	S700116714-PFO	S700116963-PFO	S700116998-PFO	S700117151-PFO	S700117230-PFO	S700117641-PFO	S700117698-PFO	S700117753-PFO	S700117812-PFO	S700117954-PFO	S700119106-PFO	S700119626-PFO	S700119860-PFO	S700120051-PFO	S700121054-PFO	S700121703-PFO	S700122829-PFO	S700123626-PFO	S700161056-PFO	S700161113-PFO	S700161218-PFO	S700161510-PFO	S700161685-PFO	S700161740-PFO	S700161854-PFO	S700161961-PFO	S700163046-PFO	S700163217-PFO	S700163274-PFO	S700163590-PFO	S700163715-PFO	S700163770-PFO	S700163790-PFO	S700163867-PFO	S700163924-PFO	S700163979-PFO	S700164086-PFO	S700164141-PFO	S700164228-PFO	S700164285-PFO	S700164554-PFO	S700164609-PFO	S700164648-PFO	S700164771-PFO	S700164828-PFO	S700164868-PFO	S700165050-PFO	S700165203-PFO	S700165491-PFO	S700165911-PFO	S700165968-PFO	S700166089-PFO	S700166839-PFO	S700167823-PFO	S700171151-PFO	S700171226-PFO	S700171477-PFO	S700171630-PFO	S700171763-PFO	S700171838-PFO	S700171895-PFO	S700171932-PFO	S700171991-PFO	S700172066-PFO	S700172258-PFO	S700172335-PFO	S700172477-PFO	S700172554-PFO	S700172762-PFO	S700173175-PFO	S700173433-PFO	S700173683-PFO	S700173932-PFO	S700173967-PFO	S700175122-PFO	S700175207-PFO
HMT-889		0.0	0.0	0.0	0.0	0.0	0.0	0.0	0.0	0.0	0.0	0.0	0.0	0.0	0.0	0.0	0.0	0.0	0.0	0.0	0.0	0.0	0.0	0.0	0.0	0.0	0.0	0.0	0.0	0.0	0.0	0.0	0.0	0.0	0.0	0.0	0.0	0.0	0.0	0.0	0.0	0.0	0.0	0.0	0.0	0.0	0.0	0.0	0.0	0.0	0.0	0.0	0.0	0.0	0.0	0.0	0.0	0.0	0.0	0.0	0.0	0.0	0.012812299807815503	0.0	0.0	0.0	0.0	0.0	0.0	0.0	0.0	0.0	25.529201734251465	0.0	0.0	0.0	0.0	0.0	0.0	0.0	0.0	0.0	0.0	0.0	0.0	0.0	0.0	0.0	0.012966804979253113	0.0	0.0	0.0	93.77386196769457	0.0	0.0	0.0	0.0	0.0	0.0	0.0	0.0	23.291659530741565	0.0	0.016178611875101116	0.0	0.0	0.0	0.0	0.0	0.0	0.0	0.0	0.0	0.0	0.0	0.0	0.0	0.0	0.0	0.0	0.0	0.0	0.0	0.0	0.0	0.0	0.0	0.0	0.0	0.0	0.0	0.0	0.0	0.0	0.0	0.0	0.0	0.0	0.0	0.0	0.0	0.0	0.0	0.0	0.0	0.0	0.0	0.0	0.0	0.0	0.0	0.0	0.0	0.0	0.0	0.0	0.0	0.0	0.0	0.0	0.0	0.0	0.0	0.0	0.0	0.0	0.0	0.0	0.0	0.0	0.0	0.0	0.0	0.0	0.0	0.0	0.0	0.0	0.0	0.0	51.847133757961785	0.0	0.0	0.0	0.0	0.0	0.0	0.0	0.0	0.0	0.0	0.0
HMT-588		0.013960631020522129	0.0	0.0	0.0	0.0	0.0	0.0	0.0	0.0	0.0	0.0	0.0	0.0	0.0	0.0	0.0	0.0	0.0	0.0	0.0	0.0	0.0	0.0	0.0	0.0	0.0	0.0	0.0	0.0	0.0	0.0	0.0	0.0	0.0	0.0	0.0	0.0	0.0	0.0	0.0	0.0	0.0	0.0	0.0	0.0	0.0	0.0	0.0	0.0	0.0	0.0	0.0	0.0	0.0	0.0	5.800498022557492	0.0	0.0	0.0	0.0	0.0	0.0	0.0	0.0	0.0	0.0	0.0	0.0	0.0	0.0	0.0	0.02550369803621525	0.0	0.0	0.0217296827466319	0.0	0.0	0.0	0.0	0.0	0.0	0.0	0.0	0.0	0.0	0.0	0.0	0.0	0.0	0.0	0.0	0.014684287812041116	0.0	0.0	0.0	0.0	0.0	0.0	0.0	0.0	0.03425244048638465	0.0	0.0	0.0	0.0	0.0	0.012093360744951022	0.0	0.0	0.0	0.0	0.0	0.0	0.0	0.0	0.0	0.0	0.0	0.0	0.0	0.0	0.0	0.0	0.0	0.0	0.0	0.0	0.0	0.0	0.0	0.0	0.0	0.0	0.0	0.0	0.0	0.0	0.0	0.0	0.0	0.0	0.0	0.0	0.0	0.0	0.0	0.0	0.0	0.0	0.0	0.0	0.0	0.0	0.0	0.0	0.0	0.0	0.0	0.0	0.0	0.0	0.0	0.0	0.0	0.0	0.0	0.0	0.0	0.0	0.0	0.0	0.0	0.0	0.0	0.0	0.0	0.0	0.0	0.0	0.0	0.0	0.0	0.0	0.0	0.0	0.0	0.0	0.0	0.0	0.0	0.0
HMT-891		0.0	0.0	0.0	0.0	0.0	0.0	0.0	0.0	0.0	0.0	0.0	0.0	0.0	0.0	0.0	0.0	0.0	0.0	0.0	0.0	0.0	0.0	0.0	0.0	0.0	0.0	0.0	0.0	0.0	0.0	0.0	0.0	0.0	0.0	0.0	0.0	0.0	0.0	0.0	0.0	0.0	0.0	0.0	0.0	0.0	0.0	0.0	0.0	0.0	0.0	0.0	0.0	0.0	0.0	0.0	3.2078511791416435	0.0	0.0	0.0	0.0	0.0	0.0	0.0	0.0	0.0	0.0	0.0	0.0	0.0	0.0	0.0	0.0	0.0	0.0	0.0	0.0	0.0	0.0	0.0	0.0	0.0	0.0	0.0	0.0	0.0	0.0	0.0	0.0	0.0	0.0	0.0	0.0	0.0	0.0	0.0	0.0	0.0	0.0	0.0	0.0	0.017126220243192325	0.0	0.0	0.0	0.0	0.0	0.0	0.0	0.0	0.0	0.0	0.0	0.0	0.0	0.0	0.0	0.0	0.0	0.0	0.0	0.0	0.0	0.0	0.0	0.0	0.0	0.0	0.0	0.0	0.0	0.0	0.0	0.0	0.0	0.0	0.0	0.0	0.0	0.0	0.0	0.0	0.0	0.0	0.0	0.0	0.0	0.0	0.0	0.0	0.0	0.0	0.0	0.0	0.0	0.0	0.0	0.0	0.0	0.0	0.0	0.0	0.0	0.0	0.0	0.0	0.0	0.0	0.0	0.0	0.0	0.0	0.0	0.0	0.0	0.0	0.0	0.0	0.0	0.0	0.0	0.0	0.0	0.0	0.0	0.0	0.0	0.0	0.0	0.0	0.0	0.0
HMT-829		0.027921262041044257	0.0	21.66562304320601	0.0	0.0	0.0	0.0	0.021551724137931036	0.0	0.0	0.0	0.07959671000265323	0.0	0.0	0.0	0.0	0.0	0.0	0.0	29.58152958152958	0.0	0.0	0.0	0.0	0.0	0.7124410009796064	0.5031446540880503	0.0	0.7107438016528925	3.0353430353430353	0.0	0.0	0.0	0.0	0.0	18.34509300833868	0.015710919088766692	5.42053086024944	0.0	0.9735744089012517	0.0	0.0	0.0	0.0	0.14010507880910683	0.2799552071668533	25.99896211728075	0.0	0.0	20.77705827937095	0.2251527822450949	0.0	0.0	0.6121021336131515	3.4892638036809815	0.0	6.409861325115562	0.0	0.0	5.189977973568282	0.0	63.53619474695707	0.007954500258521258	0.249632892804699	0.0	0.0	0.0	0.0	0.0	2.7865997336338486	0.0	49.34965570007651	2.5071341214838974	0.0	0.0	0.0	0.0	0.0	0.0	0.0	0.0	0.0	0.040451438048622626	0.0	16.560225753750185	0.0	0.014602803738317755	0.4149377593360996	0.18848167539267016	0.03466605038132656	0.0	0.0	0.0	0.0	0.0	0.03686862480029495	0.0	0.6634372367312552	0.0	0.0	52.71450590854598	0.0	0.0	0.0	0.0	7.728706624605679	0.0	0.0	3.930766742154643	16.202963436733825	0.0	6.626287098728044	0.0	0.0	0.0	0.0	0.0	0.0	6.035697510568342	0.4329856327494588	0.0	0.0	0.0	0.0	0.0	0.0	0.0	0.0	8.257477243172952	0.0	0.0	0.07600709399543958	0.0	0.0	0.0	0.0	0.0	0.0	0.0	0.0	0.0	0.0	24.05278842060451	0.0	0.0	23.654390934844194	0.0	0.0	0.0	0.0	5.564094681832154	0.0	0.0	0.0	0.0	0.01277139208173691	0.03824091778202677	0.0	0.9923175416133162	0.0	0.0	0.0	1.193058568329718	53.012570437798004	22.8642480983031	0.0	0.0	0.19584802193497847	0.0	0.0	6.464578797521353	4.608205327629788	0.0	0.434560327198364	0.0	0.0	0.0	0.0	0.0	0.0	0.0	0.0	24.136111843840673	0.0	0.06709908297919928	0.08245382585751979	0.1592920353982301	0.0	0.0	3.524550315994166	0.0
HMT-077		0.0	0.0	0.0	0.0	0.0	0.0	0.0	0.04310344827586207	0.0	0.0	0.06720430107526883	0.0	0.0	0.16175413371675054	0.0	0.0	0.0	0.0	0.0	0.0	0.05064145847400405	0.0	0.0	0.0	0.0	0.0	0.0	0.010610079575596818	0.0	0.0	0.0	0.0	0.0	0.0	0.0	0.04276245456489202	0.0	0.01598976654940838	0.0	0.0	0.0	0.0	0.0	0.0	0.011675423234092236	0.0	0.0	0.0	0.0	0.0	0.0	0.0	0.018480872297172428	0.0	0.0	0.014647722279185588	0.0	0.0	0.009759906304899474	0.013766519823788547	0.0	0.0	0.0	0.0	0.0	0.0	0.014682131845543973	0.0	0.0	0.0	0.0	0.0	0.0	0.0	0.0	0.0	0.0	0.0	0.0	0.0	0.0	0.0	0.0	0.01793400286944046	0.0	0.0	0.02920560747663551	0.0	0.0	0.0	0.0	0.0	0.0	0.0	0.0	0.0	0.0	0.0	0.0	0.0	0.03425244048638465	0.0	0.0	0.0	0.0	0.31545741324921134	5.695972910871931	0.0	0.0	0.08527875493017802	0.0	0.0	0.0	0.011460004584001834	0.0	0.0	0.0	0.01550387596899225	0.0	0.0	0.05677302146020212	0.0	0.0	0.0	0.0	0.0	0.0	0.0	0.0	0.0	0.005243586438337608	0.02533569799847986	0.05664117813650524	0.0	0.0	0.0	0.0	0.0	0.0	0.030111412225233364	0.0	0.0	0.0	0.0	0.0	0.0	0.02	0.0	0.0	0.0	0.01537042729787888	0.0	0.0	0.0	0.0	0.01277139208173691	0.0	0.0	0.0	0.0	0.0	0.0	0.0	0.0	0.0	0.04408199250606128	0.0	0.03916960438699569	0.0	0.018744142455482664	0.0	0.0	0.0	0.0	0.030349013657056147	0.0	0.17319016279875304	0.07342143906020558	0.0	0.6369426751592357	0.0	0.051321529381575574	0.0	0.0	0.0	0.0	0.0	0.0	0.0	0.0	0.0
HMT-173		0.0	0.0	0.0	0.0	0.0	0.0	0.0	0.0	0.0	0.0	0.0	0.0	0.0	0.0	0.0	0.0	0.0	0.0	0.0	0.0	0.01688048615800135	0.0	0.0	0.0	0.0	0.0	0.0	0.0	0.0	0.0	0.0	0.0	0.0	0.0	0.0	0.0	0.0	0.0	0.0	0.0	0.0	0.0	0.0	0.0	0.0	0.0	0.0	0.0	0.0	0.0	0.0	0.0	0.0	0.0	0.0	0.0	0.0	0.0	0.0	0.0	0.0	0.0	0.0	0.0	0.0	0.0	0.0	0.0	0.0	0.0	0.0	0.0	0.0	0.0	0.0	0.0	0.0	0.0	0.0	0.0	0.0	0.0	0.0	0.0	0.0	0.0	0.014602803738317755	0.0	0.0	0.0	0.0	0.0	0.0	0.0	0.0	0.0	0.0	0.0	0.0	0.0	0.0	0.0	0.0	0.0	0.0	0.31545741324921134	1.2818962389648083	0.0	0.0	0.0	0.0	0.0	0.0	0.0	0.0	0.0	0.0209819555182543	0.0	0.0	0.0	0.011354604292040422	0.0	0.0	0.0	0.0	0.0	0.0	0.0	0.0	0.0	0.0	0.0	0.0	0.0	0.0	0.0	0.0	0.0	0.0	0.0	0.0	0.0	0.0	0.0	0.0	0.0	0.0	0.0	0.0	0.0	0.04611128189363664	0.0	0.0	0.0	0.0	0.0	0.0	0.0	0.0	0.0	0.0	0.0	0.0	0.0	0.0	0.0	0.0	0.0	0.0	0.0	0.0	0.0	0.0	0.0	0.0	0.0	0.0	0.0	0.0	0.0	0.0	0.0	0.0	0.0	0.0	0.0	0.0	0.0	0.0	0.0	0.0
HMT-692		0.0	0.0	0.0	0.0	0.007082654578936185	0.16709511568123392	0.16185594820609656	0.0	0.0	0.11745360582569886	0.8198924731182796	0.0	0.0696217219772569	0.017972681524083396	0.024390243902439025	0.03995205753096284	0.0	0.022568269013766643	0.032133676092544985	0.0	0.01688048615800135	0.0	0.0	0.0	0.0	0.0	0.0	0.0	0.08264462809917356	0.0	0.0	0.0	0.0	0.0	0.0	0.0	0.0	0.0	0.0	0.0	0.0	0.0	0.0	0.0	0.0	0.0	0.0	0.0	0.0	0.0	0.0	0.0	0.0	0.0	0.0	0.0	0.0	0.0	0.0	0.0	0.0	0.012812299807815503	0.007954500258521258	0.0	0.0	0.0	0.0	0.0	0.0	0.0	0.0	0.0	0.0	0.010810810810810811	0.0217296827466319	0.0	0.0	0.0	0.0	0.0	0.0	0.0	0.0	0.0	0.0	0.0	0.0	0.0	0.0	0.0	0.0	0.0	0.0	0.0	0.0	0.0	0.0	0.0	0.0	0.0	0.0	0.0	0.0	0.0	0.0	0.47318611987381703	0.0	0.0	0.0	0.0	0.0	0.0	0.0	0.0	0.0	0.0	0.0	0.0	0.0	0.0	0.0	0.0	0.013915947676036738	0.0	0.0	0.0	0.0	0.0	0.0	0.0	0.0	0.0	0.0	0.0	0.0	0.0	0.594059405940594	0.0	0.0	0.06022282445046673	0.0	0.0	0.21285653469561516	0.0	0.0	0.3305004721435316	0.0	0.0	0.0	0.0	0.0	0.0	0.05107252298263534	0.0	0.0	0.0	0.22944550669216063	0.02378686964795433	0.0	0.02598752598752599	0.12709171785638637	0.0	0.0	0.08669267446900737	0.0	0.0	0.0	0.0	0.0	0.03748828491096533	0.016747613465081225	0.0	0.12436092303440652	0.2556237218813906	0.0	0.0	0.0	0.0	0.0	0.0	0.0	0.0	0.0	0.0	0.0	0.0	0.0	0.0	0.0	0.0	0.0
HMT-530		0.013960631020522129	0.023913909924272617	0.0	0.0	0.0	0.025706940874035987	0.01348799568384138	0.0	0.0	0.04698144233027954	0.0	0.0	0.0	0.0	0.0	0.0	0.0	0.0	0.0	0.0	0.0	0.024177949709864605	0.014609203798392987	0.0	0.0	0.02671653753673524	0.0	0.021220159151193636	0.0	0.0	0.0	0.0	0.0	0.0	0.014232849416453175	0.0	0.0	0.0	0.0	0.0	0.0	0.0	0.0	0.0	0.023350846468184472	0.0	0.02594706798131811	0.0	0.0	0.0	0.0	0.0	0.07392348918868971	0.0	0.0	0.13182950051267028	0.0	0.0	0.0	0.05506607929515419	0.045310376076121435	0.012812299807815503	0.007954500258521258	0.02936857562408223	0.002665742542585237	0.0	0.0	0.028172982110156362	0.016165535079211122	0.0	0.011910433539780848	0.0	0.020383204239706482	0.0	0.0	0.010033109260559848	0.0	0.0	0.0	0.0	0.0	0.0	0.0	0.0	0.0	0.0	0.014602803738317755	0.025933609958506226	0.0	0.0	0.0	0.04405286343612335	0.015644555694618274	0.0	0.0	0.0	0.04506026810859525	0.0	0.0	0.0	0.0	0.0	0.0	0.014779781259237365	0.0	36.75078864353312	87.45918490748579	0.0	0.0	0.0	0.0	0.012113870381586917	0.0	0.0	0.013435442697836895	0.0	0.0	0.0	0.0	0.0	0.0	0.0	0.0	0.0	0.0	0.0	0.0	0.0	0.0	0.0	0.0	0.0	0.0	0.019573302016050106	0.01443001443001443	0.0	0.0	0.0	0.0	0.06022282445046673	0.0	0.0	0.0	0.0	0.0	0.0	0.0	0.0	0.0	0.0	0.0	0.021312872975277068	0.0	0.0	0.0	0.0	0.0	0.0	0.0	0.0	0.0	0.0	0.0	0.0	0.0	0.0	0.0	0.0	0.0	0.0	0.0	0.0	0.0	0.0	0.0	0.0	0.10391409767925182	0.07342143906020558	0.0	0.0	0.0	0.025660764690787787	0.0	0.0517464424320828	0.0	0.0	0.017699115044247787	0.05390835579514825	0.0	0.0	0.0
HMT-814		0.0	0.0	13.817574619077435	0.0	0.0	0.0	0.0	0.0	0.0	0.0	0.0	0.03979835500132661	0.0	0.0	0.0	0.0	0.0	0.0	0.0	28.34467120181406	0.0	0.0	0.0	0.0	0.0	0.0	0.0	0.0	0.0	11.496881496881498	0.0	0.0	0.0	0.0	0.0	0.0	0.0	0.4317236968340262	0.0	0.0	0.0	0.0	0.0	0.0	0.011675423234092236	0.0	1.2195121951219512	0.0	0.0	0.5550416281221091	0.0	0.0	0.0	0.0	10.9375	0.0	0.09244992295839753	0.0	0.0	0.0	0.0	0.0	0.0	0.014684287812041116	0.0	0.0	0.0	0.0	0.0	0.0	0.0	0.0	0.0	0.0	0.0	0.0	0.0	0.0	0.0	0.0	0.0	0.044111160123511246	0.0	0.0	26.5557700876281	0.0	0.02920560747663551	0.0	0.0	0.0	0.0	0.0	0.0	0.0	0.0	0.0	0.0	0.0	0.0	0.0	0.0	0.0	0.0	0.0	0.0	0.0	0.0	0.0	2.1837593011970236	0.0	0.0	1.5990308903694732	0.0	0.0	0.0	0.0	0.0	0.0	0.0	0.0	0.0	0.0	0.0	0.0	0.0	0.0	0.0	0.0	25.10836584308626	0.0	0.0	15.606789967063591	0.0	0.0	0.0	0.0	0.0	0.0	0.0	0.0	0.0	0.0	14.005959982971477	0.0	0.0	0.0	0.0	0.0	0.0	0.0	11.942822010451891	0.0	0.0	0.0	0.0	0.0	0.07648183556405354	0.0	5.921895006402049	0.0	0.0	0.0	0.28922631959508316	0.0	24.897600936220012	0.0	0.0	0.0	0.0	0.0	9.69686819628203	5.230410266381489	0.0	0.0	0.0	0.0	0.0	0.0	0.0	0.0	0.0	0.0	8.731205486678977	0.0	0.0	0.0	0.0	0.0	0.0	30.432668935342733	0.0
HMT-556		0.0	0.0	0.7931538300981006	0.0	0.007082654578936185	0.025706940874035987	0.0	0.0	0.0	0.02349072116513977	0.0	0.03979835500132661	0.0	0.0	0.012195121951219513	0.0	0.0	0.0	0.0	0.0	0.01688048615800135	0.0	0.0	0.0	0.0	0.0	0.010482180293501047	0.0	0.0	1.1226611226611227	0.0	0.045568466621098196	0.0	0.0	0.0	0.0	0.0	0.0	0.0	0.0	0.0	0.0	0.0	0.0	0.10507880910683014	0.0	0.3113648157758173	0.0	0.0	0.22201665124884368	0.0	0.0	0.018480872297172428	0.0	1.552914110429448	0.0	0.0	0.0	0.0	0.0	0.0	11.607943625880846	0.0	0.13215859030837004	0.0	0.10037734446158707	0.0	0.0	0.0	0.0	0.0	0.0	0.0	0.0	0.0	0.0	0.0	0.010577533319229955	0.0	0.0	0.0	0.0	0.028316006634035842	0.0	0.37130551017377095	0.0	0.014602803738317755	0.0	0.0	0.0	0.0	0.04405286343612335	0.0	0.013694878115584772	0.0	0.0	0.0	0.0	0.0	0.0	0.0	0.0	0.0	0.0	0.0	0.0	0.0	0.011706860220088973	0.48527984471044966	0.0	0.0	0.18170805572380377	0.0	0.0	0.0	0.8290660814435503	0.2727654217373059	0.0	0.0	0.0	0.7834676961507892	0.0	0.0	0.0	0.0	0.0	0.0	0.0	0.7910706545296922	0.08490766291657822	0.0	46.49100582721054	0.0	0.0	0.0	0.0	0.0	0.0	0.0	0.0	0.035398230088495575	0.0	0.08514261387824607	0.0	0.0	0.0	0.08	0.0	0.0	0.0	1.414079311404857	0.0	0.0	0.0	0.0	0.03831417624521073	0.03824091778202677	0.0	0.19206145966709345	0.0	0.0	0.0	0.0	0.0	7.46050321825629	0.0	0.007340886289671373	0.03916960438699569	0.0	0.018744142455482664	0.05024284039524368	1.0499708341434961	0.0	0.0	0.0	0.0	0.0	0.0	0.0	14.64968152866242	0.0	0.0	0.0	0.0	0.0	0.0	0.0	0.0	0.0	0.024307243558580455	0.0
HMT-291		0.0	0.0	0.0	0.0	0.0	0.0	0.0	0.0	0.0	0.0	0.0	0.0	0.0	0.0	0.0	0.0	0.0	0.0	0.0	0.0	0.0	0.0	0.0	0.0	0.0	0.0	0.0	0.0	0.0	0.0	0.0	0.0	0.0	0.0	0.0	0.0	0.0	0.0	0.0	0.0	0.0	0.0	0.0	0.0	0.0	0.0	0.0	0.0	0.0	0.0	0.0	0.0	0.0	0.0	0.0	20.27244763439285	0.0	0.0	0.0	0.0	0.0	0.0	0.0	0.0	0.0	0.0	0.0	0.0	0.0	0.0	0.0	0.0	0.0	0.0	0.0	0.0	0.0	0.0	0.0	0.0	0.0	0.0	0.0	0.0	0.0	0.0	0.0	0.0	0.0	0.0	0.0	0.0	0.0	0.0	0.0	0.0	0.0	0.0	0.0	0.0	0.0	0.0	0.0	0.0	0.0	0.0	0.0	0.0	0.0	0.0	0.0	0.0	0.0	0.0	0.0	0.0	0.0	0.0	0.0	0.0	0.0	0.0	0.0	0.0	0.0	0.0	0.0	0.0	0.0	0.0	0.0	0.0	0.0	0.0	0.0	0.0	0.0	0.0	0.0	0.0	0.0	0.0	0.0	0.0	0.0	0.0	0.0	0.0	0.0	0.0	0.0	0.0	0.0	0.0	0.0	0.0	0.0	0.0	0.0	0.0	0.0	0.0	0.0	0.0	0.0	0.0	0.0	0.0	0.0	0.0	0.0	0.0	0.0	0.0	0.0	0.0	0.0	0.0	0.0	0.0	0.0	0.0	0.0	0.0	0.0	0.0	0.0	0.0	0.0	0.0	0.0
HMT-604		0.0	0.0	0.0	0.0	0.0	0.0	0.0	0.0	0.0	0.0	0.0	0.0	0.0	0.0	0.0	0.0	0.0	0.0	0.0	0.7111935683364254	0.0	0.0	0.0	0.0	0.0	0.0	0.0	0.0	0.0	0.0	0.0	0.0	0.0	0.0	0.0	0.0	0.0	0.0	0.0	0.0	0.0	0.0	0.0	0.0	0.0	0.0	0.0	0.0	0.0	0.0	0.0	0.0	0.0	0.03497726477789437	0.0	0.0	0.0	0.0	0.0	0.0	0.0	0.0	0.0	0.0	0.0	0.03531795453278064	0.0	0.0	0.0	0.0	0.0	0.0	0.0	0.0	0.0	0.0	0.0	0.0	0.04129387474191328	0.0	0.0	0.0	0.0	0.0	0.0	0.0	0.0	0.0	0.0	0.0	0.0	0.0	0.0	0.0	0.0	0.0	0.0	0.0	0.0	0.0	0.0	0.0	0.0	0.0	0.0	0.47318611987381703	0.0	0.0	0.0	0.0	0.0	0.0	0.0	0.011460004584001834	0.0	0.0	0.0	0.0	0.0	0.0	0.0	0.0	0.0	0.0	0.0	0.0	0.0	0.17820773930753564	0.0	0.0	0.004369655365281341	0.0	0.0	0.0	0.0	0.0	0.0	0.0	0.0	0.0	0.0	0.0	0.0	0.0	0.0	0.0	0.0	0.0	0.0	0.0	0.0	0.021312872975277068	0.0	0.0	0.0	0.0	0.03824091778202677	0.0	0.0	0.0	0.0	0.0	0.0	0.0	0.0	0.0	0.0	0.0	0.0	0.0	0.0	0.0	0.0	0.0	0.0	0.0	0.0	0.024473813020068527	0.0	1.4012738853503186	0.0	0.0	0.0	0.0	0.0	0.0	0.0	0.0	0.0	0.0	0.0
HMT-817	Because HMT-529 is not present individually, all equidistant reads were assigned to HMT-817 at this body site (PFO).	94.26218065056541	99.73694699083299	0.0	0.057197330791229746	97.18110347758339	0.025706940874035987	0.09441596978688967	99.7198275862069	98.44897959183673	0.0	95.02688172043011	96.9089944282303	0.0	0.0	99.70731707317073	98.42855240378213	98.91569531038222	99.84202211690362	0.016066838046272493	13.739435168006597	98.61580013504388	99.97582205029013	0.0	0.0	0.0	0.008905512512245079	48.532494758909856	22.281167108753316	0.008264462809917356	0.0	97.68083036003893	99.27090453406244	100.0	0.0	0.0	78.96087235407312	99.13589945011783	57.16341541413495	0.045599635202918376	0.0	98.09238825509632	0.0	99.06294868888385	0.0	98.2019848219498	91.29339305711086	0.0	94.29992745362213	0.0	0.0	0.0	86.35030198446937	0.0	0.0	0.0	0.10253405595429911	0.0	84.78431372549021	99.62912356041383	0.0	0.0	0.012812299807815503	96.49206538599212	52.907488986784145	99.98400554474449	96.20239046786996	99.6329467038614	0.16903789266093816	99.36954413191077	84.50978383362362	99.77370176274417	0.0	0.0	0.11891891891891893	0.0	98.42480184609211	0.0	57.79564205627248	99.93117687543015	98.07300352047433	98.40786240786241	23.952359947066608	84.8226204441568	32.69368723098996	0.0	98.8364434687157	98.37908878504673	0.0	0.0	0.0	99.81005007770679	0.0	97.04317897371715	88.34565872363736	88.66111467008328	90.5493425095244	99.65078292215838	21.251053074978937	98.05778491171749	99.56851658979319	0.03425244048638465	74.04186795491144	0.0	91.93023943245639	99.19153608144525	18.92744479495268	0.0	95.50456567548584	24.21546425105144	74.65089009700459	0.01567889620570712	0.0	99.58894724823018	5.672702269080908	98.30713422007256	0.0243842965130456	98.42635333613092	98.23255813953489	53.17050258337247	44.13501279275734	98.68286590212331	98.98758981058133	98.34400222655162	92.51545720794012	99.01452282157676	99.96709443896017	99.52519124241624	94.04276985743381	0.0	98.76883888770962	0.0	0.0	98.4990087793826	0.0	97.67676767676767	99.70542367007451	80.72607260726072	96.56683710737765	0.0	3.7639265281541703	0.0	99.6401028277635	0.0	98.99167032003507	97.89010989010988	0.0	0.0	93.66128242780225	99.22085705723704	99.900760833609	0.0	17.476555839727194	86.23595505617978	0.0	99.90554156171285	22.132822477650063	0.0	97.76403425309229	0.0	0.0	97.90298665536963	96.14721104082807	95.26391901663051	0.0	0.0	90.50033061494379	53.38781902268334	92.24441833137486	0.0	2.1930646672914715	20.381845587003852	0.0	0.0	0.0	98.42185128983309	61.171776564468715	0.10391409767925182	98.65394028389623	0.0	0.0	99.62270083320233	97.92147806004618	63.22869955156951	0.0	50.659807649295466	95.13522427440633	31.92920353982301	98.20305480682839	0.0	0.0	100.0
HMT-838		1.9754292894038812	0.007971303308090873	3.109997912753079	97.3307912297426	0.0	49.717223650385606	0.01348799568384138	0.021551724137931036	0.023323615160349854	0.09396288466055908	0.0	0.888829928362961	85.84358319795776	79.72681524083394	0.012195121951219513	0.0	0.6776904310111141	0.0	98.65038560411311	0.0	0.0337609723160027	0.0	0.0	98.53259562184267	99.97971190910934	0.008905512512245079	0.010482180293501047	63.89389920424403	0.008264462809917356	0.14553014553014554	0.0	0.0	0.0	76.8956849602011	99.98576715058356	0.0	0.32992930086410055	33.834346018548125	97.55281957744339	0.015453562046051616	0.0	0.0	0.0	66.70859538784067	0.0	0.0	2.4649714582252202	3.420043527826718	0.0	0.0	75.37793502733999	0.0	99.81519127702828	0.0	2.041794478527607	0.0	0.0	0.0	0.0	0.0	99.20706841866787	0.0	0.0	38.91336270190896	0.002665742542585237	0.0	0.0	98.16875616283983	0.0	9.51746747259502	0.07146260123868509	0.0	0.0	99.74054054054055	79.18296392872664	0.020066218521119696	0.0	38.88301248148932	0.0	0.0	0.0	43.09660344067049	0.0	54.716642754662836	27.357789989603447	0.02195389681668496	1.197429906542056	0.0	94.93193717277487	0.0	0.0	0.0	1.72090112640801	0.0	2.7119367926542814	4.080127811232641	0.1013856032443393	75.94776748104465	0.0	0.0	0.0	24.750402576489535	0.03235722375020223	0.0	0.0	31.230283911671926	2.3098319022856453	0.023413720440177945	53.736654804270465	0.021319688732544504	89.27563499529633	1.2961841308298	0.0	87.32523493009397	0.02687088539567379	0.0243842965130456	0.0	0.0	37.529356505401594	39.16551859870104	0.011354604292040422	0.0	0.0	4.88122356003905	0.0	0.03290556103981573	0.026378264310208392	0.0	0.6827048114434331	0.0	88.19056940979065	0.0	0.0	0.0	0.17316017316017315	0.0	16.303630363036305	0.0	92.1875	93.3152664859982	94.93805309734513	0.051413881748071974	0.6385696040868455	0.0	0.0	0.0	33.160000000000004	0.5873715124816447	0.059934072520227755	0.03307972213033411	7.408545957577621	80.54134697357203	9.678243105209397	78.87544802867383	0.031486146095717885	75.24904214559388	95.98470363288719	0.23786869647954328	7.36235595390525	64.1891891891892	0.0	0.0	0.0	0.0	1.8431831480397893	0.0	0.004893924193114249	0.0	78.34346504559271	92.55857544517339	45.26879919611456	46.35426793700175	0.01381788033715628	0.0	0.15174506828528073	20.705585888282236	0.0	0.0	57.059902200489	0.0	0.0	0.025660764690787787	0.0	69.44372574385511	47.46141802728696	0.0	65.20353982300885	0.0	98.05970149253731	2.4185707340787554	0.0
HMT-839		1.4030434175624737	0.015942606616181746	0.0	0.2859866539561487	2.7126567037325593	49.87146529562982	99.4469921769625	0.15086206896551724	0.0	0.0	3.293010752688172	0.3183868400106129	9.213274541656997	19.39252336448598	0.024390243902439025	1.2251964309495271	0.0	0.0	0.0	0.02061430632859204	0.5064145847400405	0.0	0.0	1.467404378157325	0.0	99.06492118621428	0.020964360587002094	10.228116710875332	0.0	0.0	2.173207914369121	0.4329004329004329	0.0	22.91579388353582	0.0	0.0	0.04713275726630008	1.4070994563479373	0.0	0.0	0.14961660744342622	99.5608685045133	0.7330159449860197	31.78197064989518	1.1792177466433158	0.0	0.0	0.12436521919369882	99.9390801096558	74.7086031452359	16.452235445480863	11.164797238999137	0.0	94.00139909059112	0.0	0.04394316683755676	93.43605546995377	0.026143790849673207	0.3318368143665821	0.0	0.0	9.083920563741192	0.5011335162868393	3.5095447870778265	0.002665742542585237	2.8291540420469543	0.1615034503009837	0.8029299901394563	0.25864856126737795	1.7211351295973774	0.011910433539780848	0.0	6.930289441500204	0.032432432432432434	20.556279878313777	1.3444366409150195	0.0	2.33763486354982	0.0	1.8343524180100057	0.009828009828009828	19.033965593295104	12.54803608268274	11.585365853658537	0.0	0.0	0.07301401869158879	93.87966804979253	0.0	41.20637855327016	0.0	0.0	0.7040050062578223	6.88852369213914	7.815502882767457	4.964974806439719	0.0	0.8635214827295703	0.0	0.0	0.0	0.5797101449275363	96.13331176185083	3.1480934082175582	0.0	0.47318611987381703	2.4186721489902046	4.366658862093187	3.202846975088968	0.0	0.0	0.0	0.4110527517698105	6.027962411184965	1.2226252855031574	81.05340160936358	0.0	0.0	0.9628933771723814	13.43239519779571	0.2043828772567276	0.0	1.1411077094350126	0.9111617312072893	0.2593360995850622	0.0	0.07913479293062516	4.8370672097759675	0.0	0.0	10.755906681640019	0.0	1.4443500424808835	99.4519475435506	0.8802308802308803	0.0	0.7260726072607261	2.921840759678598	6.142241379310344	0.12044564890093346	0.0	0.30848329048843187	0.0	0.263042525208242	1.802197802197802	0.0708215297450425	66.56	4.601076847772883	0.0	0.0	0.0	0.2557544757033248	0.5107252298263534	20.833333333333336	0.0	1.5964240102171137	0.0	0.8801141769743102	0.0	31.02910602910603	1.885193814869731	0.0	1.1569052783803326	0.0	0.0	8.331496583645581	0.007340886289671373	5.718762240501371	19.275582573454912	1.8931583880037488	4.0864176854798195	0.0	0.0	0.0	0.0	17.68164636707266	93.76515413924488	0.5873715124816447	15.357579462102688	0.0	0.3301367709479642	1.770592763664357	1.1606436296491691	30.29754204398448	0.04473272198613285	2.077836411609499	2.2123893805309733	1.0062893081761006	1.5422885572139304	0.0	0.0
HMT-816		0.0	0.0	0.0	0.0	0.0	0.0	0.0	0.0	0.0	0.0	0.0	0.0	0.0	0.0	0.0	0.17312558263417233	0.05421523448088912	0.0	0.0	0.0	0.0	0.0	0.0	0.0	0.0	0.0	0.0	0.0	0.0	0.0	0.03243593902043464	0.0	0.0	0.0	0.0	0.0	0.40848389630793397	0.3997441637352095	0.0	0.0	0.0	0.0	0.0	0.0	0.0	0.0	0.0	0.15545652399212354	0.0	0.0	0.8041170794467675	0.811044003451251	0.0	0.0	0.0	0.0	0.0	0.0	0.0	0.0	0.0	0.07687379884689302	0.0	0.2643171806167401	0.0	0.0	0.0	0.0	0.0	0.47126319024690094	0.0	0.0	0.0	0.0	0.0	0.0	0.0	0.0	0.0	0.0	0.0	0.0	0.6957647344363092	0.2869440459110474	0.0	0.0	0.0	0.0	0.0	0.0	0.0	0.0	0.0	0.8353875650506711	0.0	0.12289541600098315	0.0	0.0	0.0	0.0	0.0	0.0	0.0	1.1084835944428022	0.009981036031540073	0.0	0.0	0.0	0.0	0.0	0.0	0.0	0.0	0.0	0.0	0.0	0.0	0.0	0.0	0.0	0.0	0.0	0.0	0.0	0.0	0.0	0.0	0.0	0.0	0.0	0.0	0.0	0.0	0.0	0.0	0.0	0.0	0.0	0.0	0.0	0.0	0.0	0.0	0.0	0.0	0.0	0.0	0.0	0.0	0.0	0.0	0.0	0.0	0.0	0.0	0.4469987228607918	0.0	0.0	0.0	0.0	0.0	0.0	0.8315256688358641	0.0	0.0	0.39673793255455153	0.0	0.35252643948296125	0.0	1.330834114339269	0.016747613465081225	0.0	0.0	0.0	0.0	0.0	0.0	0.0	0.0	0.0	0.0	0.0	0.9232392508572936	0.0	0.0	0.0	0.0	0.23360287511230907	0.0	0.09722897423432182	0.0
HMT-938	Reads equidistant to HMT-051 and HMT-938 were assigned to each taxon in proportion to the abundance of HMT-051 and HMT-938 individually at this body site (PFO).	0.4257992461259249	0.19131127939418094	0.0	1.9637750238322211	0.0	0.0	0.0	0.0	0.44314868804664725	0.1644350481559784	0.0	0.9853589437939703	0.5337665351589695	0.0	0.0	0.11985617259288853	0.0	0.045136538027533285	0.0	0.484436198721913	0.0	0.0	0.0	0.0	0.0	0.0	0.5450733752620545	2.5067372122416027	0.0	0.0	0.03243593902043464	0.18227386648439278	0.0	0.10473397570171764	0.0	0.19243104554201412	0.0	0.0	0.0	0.0	0.018702075930428278	0.0	0.015113730824454016	1.3384789618236237	0.24518388791593695	0.0	0.0	0.0	0.0	0.16651248843663274	3.6185268575104534	0.5867126833477135	0.0	0.0	0.0	0.0	0.0	0.6535947712418301	0.0	0.0	0.0	0.2946828955797566	0.07954500258521259	2.1163260449658785	0.0	0.0	0.08809279107326384	0.633892097478518	0.0	0.5634668579039033	0.03573130061934254	2.4738587095128795	0.16306563391765186	0.0	0.0	0.1705628574295174	0.0	0.3973882937994221	0.0	0.01852881230313137	0.0	0.40853616597410214	0.9288801363133519	0.6097560975609756	0.0	1.0578317919237392	0.02920560747663551	5.446058091286307	2.094240837696335	1.9066327709729607	0.13814539803142808	0.0	0.37546933667083854	1.5064365927143248	0.14947683109118087	0.09831633280078653	0.011265067027148813	0.5265374894692502	0.7062600321027288	0.41660467192382084	3.425244048638466	0.032206119162640906	0.08089305937550557	2.4977830328111144	0.6905303735115912	0.0	0.012093360744951022	0.0	0.4529278550630864	0.5649717514124294	0.01567889620570712	0.0	0.0	0.4240201696080678	0.28214429665457474	0.0	0.629458665547629	0.2945736434108527	1.3115417209719786	2.5683920488092893	0.034063812876121265	0.5551926845199217	0.3478986919009185	0.0	0.0	0.0	0.09293141032091243	0.9164969450101833	0.0	0.021226915729144556	0.4094367077268616	0.0	0.0	0.0	0.0	0.29457632992548954	0.39603960396039606	0.0	1.331210554277592	0.0	4.601769911504425	0.0	0.0	0.17536168347216133	0.13186813186813187	0.0	0.0	0.8471646800374192	0.17980221756068324	0.0	0.0	0.8098891730605285	0.30643513789581206	0.17921146953405018	0.0	0.20434227330779056	0.0	0.595767353247659	0.0	0.5197505197505198	0.042363905952128786	0.0	0.0	0.0	0.0	0.0	0.40619570802848265	0.863535430103078	2.178318135764944	0.4873477038425492	0.6307353601885869	0.0	0.0	0.0	0.030349013657056147	0.041999160016799666	0.17319016279875304	0.024473813020068527	1.7119450580854703	0.0	0.0	0.0	0.0	0.0258732212160414	0.0	0.12482007413913869	0.4424778761061947	0.07187780772686433	0.1990049751243781	0.0	0.0
HMT-051	Reads equidistant to HMT-051 and HMT-938 were assigned to each taxon in proportion to the abundance of HMT-051 and HMT-938 individually at this body site (PFO).	0.0	0.0	0.0	0.0	0.0	0.0	0.0674399784192069	0.0	0.0	0.7517030772844726	0.0	0.07593052290807267	0.0	0.0	0.0	0.0	0.0	0.0	0.04820051413881748	0.0	0.0	0.0	0.0	0.0	0.0	0.0	0.0	0.167002840808795	0.0	0.0	0.0	0.0	0.0	0.0	0.0	2.3091725465041693	0.0	0.0	0.0	0.0	0.0	0.0	0.045341192473362046	0.14999063985352512	0.0	0.0	0.0	0.0	0.0	0.37002775208140615	0.0	0.0	0.0	0.0	0.0	0.0	0.0	0.0	0.0	0.0	0.0	0.0	0.0	0.18910714152457658	0.0	0.0	0.0	0.028172982110156362	0.0	0.0	0.0	0.0	0.0	0.0	0.0	0.0	0.0	0.025713038969776066	0.0	0.0	0.0	0.010519855199254741	0.09454124631680064	0.0	0.0	0.0837708425438788	0.0	0.012966804979253113	0.0	0.0	0.0	0.0	0.0	0.0	0.3416613282084134	0.0	0.0	0.0	0.0	0.0	0.017126220243192325	0.5152979066022545	0.4853583562530335	0.04433934377771209	0.03808525679083421	0.0	0.0	0.0	0.016175994823681657	3.3685108197420313	0.01567889620570712	0.0	0.0	0.0	0.0	0.0	0.0	0.0	0.16802615126850984	0.0	0.0	0.0	0.0	0.0	0.0	0.0	0.012581646919921126	0.0	0.0	0.0	0.0	0.0	0.0	0.0	0.0	0.0	0.0	0.0	0.23128944572240784	0.0	0.0	0.0	0.0	0.0	0.0	0.0	0.0	0.058366401705116235	0.23973629008091102	0.0	0.0	0.0	0.0	0.0	0.0	0.0	0.0	0.02269125759915366	0.0	0.0	0.0	0.0	0.0	0.0	0.0	0.0	0.0	0.037365470797822944	0.050658561296859174	0.0	0.05591679187974325	0.0	0.0	0.0	0.0	0.37799244015119693	1.9050917907862834	0.0	0.1676392939927694	0.0	0.0	0.0	0.0	0.0	0.33549541489599644	0.023596812404396927	0.0	0.0	0.0	0.0	0.0
HMT-537		0.0	0.0	0.0	0.019065776930409912	0.0	0.0	0.16185594820609656	0.0	0.0	0.0	0.0	0.0	0.0	0.0	0.0	0.0	0.0	0.0	0.0	0.01030715316429602	0.0	0.0	0.0	0.0	0.0	0.0	0.0	0.0	0.0	0.0	0.0	0.0	0.0	0.0	0.0	0.0	0.0	0.0	0.15199878400972794	0.0	0.0	0.0	0.0	0.0	0.0	0.0	0.0	0.0	0.0	0.0	0.01608234158893535	0.0	0.0	4.826862539349422	0.0	0.3368976124212685	0.0	0.0	0.0	0.0	0.0	0.4228058936579116	0.0	0.0	0.0	0.0	0.0	0.0	0.0	0.0	0.0	0.0	0.0	0.0	0.0	0.0	0.0	0.0	0.0	0.0	0.0	0.0	0.0	0.0	0.0	0.0	0.0	0.0	0.0	0.0	0.0	0.0	0.0	0.0	0.0	0.0	0.0	0.0	0.0	0.0	0.0	0.0	0.0	0.0	0.0	0.0	0.0	0.0	0.0	0.0	0.0	0.0	0.0	0.0	0.0	0.0243842965130456	0.0	0.0	0.0	0.0	0.0	0.0	0.041747843028110215	0.0	0.0	0.0	0.0	0.0	0.0	0.0	0.0	0.0	0.0	0.39146604032100213	0.0	0.0	0.0	0.0	0.0	0.0	0.0	0.0	0.04257130693912303	0.0	0.0	0.0	0.0	0.0	0.0	0.0	0.0	0.0	0.0	0.0	0.0	0.0	0.0	0.02378686964795433	0.0	0.0	0.0	0.0	0.0	0.0	0.0	0.0	0.0	0.0	0.0	0.5435801312089972	0.0	0.5833171300797201	0.0	0.0	0.0	0.0	2.5978524419812956	0.0	0.0	0.0	0.0	0.0	0.0	0.0	0.0	0.0	0.0	0.0	0.0	0.0	0.0
HMT-086		0.0	0.0	0.02087246921310791	0.0	0.0	0.0	0.0	0.0	0.0	0.0	0.0	0.0	0.0	0.0	0.0	0.0	0.0	0.0	0.0	0.0	0.0	0.0	0.0	0.0	0.0	0.0	0.0	0.0	0.0	0.0	0.0	0.0	0.0	0.0	0.0	0.0	0.0	0.0	0.0	0.0	0.0	0.0	0.0	0.0	0.0	0.0	0.05189413596263622	0.0	0.0	0.0	0.0	0.0	0.0	0.48968170689052115	0.019171779141104295	1.0839314486597336	0.0	0.0	0.009759906304899474	0.0	0.0	0.0	0.0	0.014684287812041116	0.0	0.0	0.0	0.0	0.0	0.0	0.0	2.065799540933435	0.0	0.0	0.0	0.0	0.0	0.0	0.0	0.0	0.0	0.9042787825319806	0.0	0.0	0.0	0.0	0.0	0.0	0.0	0.0	0.0	0.0	0.0	0.21911804984935634	0.0	0.0	0.0	0.0	0.0	0.0	0.5137866072957699	0.0	0.0	0.014779781259237365	0.0	0.0	0.0	0.0	0.0	0.0	0.0	0.0	0.0	0.0	0.0	1.0729090465740063	0.0	0.0	0.023485204321277597	0.0	0.011354604292040422	0.0	0.0	0.0	0.0	0.0	0.0	0.0	0.010836584308625921	0.0	0.0	0.0	0.0	0.05871990604815032	0.0	0.0	0.0	0.0	0.0	0.0	0.0	0.0	0.04257130693912303	0.0	0.0	0.0	0.0	0.0	0.0	0.0	0.09222256378727328	0.0	0.0	0.0	0.0	0.0	0.0	0.0	0.0	0.0	0.0	0.0	0.0	0.0	0.0	0.0	0.0	0.0	0.0	0.0	0.0	0.13610733035193467	0.0	0.0	0.0	0.0	0.0	0.0	0.0	0.0	0.0	0.0	0.0	0.0	0.0	0.0	0.0	0.0	0.0	0.0	0.0
HMT-163		0.0	0.0	0.0	0.0	0.0	0.0	0.0	0.0	0.0	0.0	0.0	0.0	0.0	0.0	0.0	0.0	0.0	0.0	0.0	0.6699649556792414	0.0	0.0	0.0	0.0	0.0	0.0	0.0	0.0	0.0	0.0	0.0	0.0	0.0	0.0	0.0	0.0	0.0	0.0	0.0	0.0	0.0	0.0	0.0	0.0	0.0	0.0	0.0	0.0	0.0	0.0	0.0	0.0	0.0	0.017488632388947184	0.0	0.029295444558371176	0.0	0.0	0.0	0.0	0.0	0.0	0.0	0.0	0.0	0.0	0.0	0.028172982110156362	0.0	0.0	0.0	0.2550369803621525	0.0	0.0	0.0	0.0	0.0	0.0	0.0	0.0	0.0	0.0	0.0	0.0	0.0	0.0	0.0	0.0	0.0	0.0	0.0	0.0	0.0	0.0	0.0	0.0	0.0	0.0	0.0	0.0	0.0	0.0	0.0	0.0	0.0	0.0	0.0	0.0	0.0	0.0	0.0	0.0	0.0	0.0	0.0	0.0	0.0	0.0	0.0	0.0	0.0	0.0	0.0	0.0	0.0	0.0	0.0	0.0	0.0	0.0	0.0	0.0	0.0	0.0	0.0	0.0	0.0	0.0	0.0	0.0	0.0	0.0	0.0	0.0	0.0	0.0	0.0	0.0	0.0	0.0	0.0	0.0	0.0	0.0	0.0	0.0	0.0	0.0	0.0	0.0	0.0	0.0	0.0	0.0	0.0	0.0	0.0	0.0	0.0	0.0	0.0	0.0	0.0	0.0	0.0	0.0	0.0	0.0	0.0	0.0	0.0	0.0	0.0	0.0	0.0	0.0	0.0	0.0	0.0	0.0	0.0
HMT-924		0.0	0.0	0.0	0.0	0.0	0.0	0.0	0.0	0.0	0.0	0.0	0.0	0.0	0.0	0.0	0.0	0.0	0.0	0.0	0.0	0.0	0.0	0.0	0.0	0.0	0.0	0.0	0.0	0.0	0.0	0.0	0.0	0.0	0.0	0.0	0.0	0.0	0.0	0.0	0.0	0.0	0.0	0.0	0.0	0.0	0.0	0.0	0.0	0.0	0.0	0.0	0.0	0.0	0.0	0.0	0.0	0.0	0.0	0.0	0.0	0.0	0.0	0.0	0.0	0.0	0.0	0.0	0.0	0.0	0.0	0.0	0.0	0.0	0.0	0.0	0.0	0.0	0.0	0.0	0.0	0.0	0.0	0.0	0.0	0.0	0.0	0.0	0.0	0.0	0.0	0.0	0.0	0.0	0.0	0.0	0.0	0.0	0.0	0.0	0.0	0.0	0.0	0.0	0.0	0.0	0.0	0.0	0.0	0.0	0.0	0.0	71.61720169594186	0.0	0.0	0.0	0.0	0.0	0.0	0.0	0.0	0.0	0.0	0.0	0.0	0.0	0.0	0.0	0.0	0.0	0.0	0.0	0.0	0.0	0.0	0.0	0.0	0.0	0.0	0.0	0.0	0.0	0.0	0.0	0.0	0.0	0.0	0.0	0.0	0.0	0.0	36.10513372271749	0.0	0.0	0.0	0.0	0.0	0.0	0.0	64.6606914212548	0.0	0.0	0.0	0.0	0.0	0.0	0.0	0.0	0.0	0.0	0.0	0.0	0.0	0.0	0.0	0.0	0.0	0.0	0.0	0.0	0.0	0.0	0.0	0.0	0.0	0.0	0.0	0.0	0.0	0.0	40.9212445308702	0.0
HMT-843		0.5793661873516683	0.0	1.3775829680651221	0.0	0.0	0.0	0.0	0.0	0.0	0.0	0.0	0.03979835500132661	0.0	0.017972681524083396	0.0	0.0	0.0	0.0	0.0	0.0	0.0	0.0	0.0	0.0	0.0	0.0890551251224508	0.0	0.021220159151193636	0.0	0.35343035343035345	0.0	0.0	0.0	0.0	0.0	0.0	0.0	0.04796929964822513	0.0	0.0	0.0	0.0	0.0	0.0	0.011675423234092236	0.0	0.6227296315516346	0.0	0.0	0.0	0.0321646831778707	0.0	0.0	0.0	2.291027607361963	1.1571700600556614	0.061633281972265024	0.0	0.0	0.0	0.0	2.434336963484945	0.0	0.11747430249632893	0.0	0.005576519136754837	0.0	0.0	0.0	0.010244851961889151	0.0	3.2134659525631215	0.0	0.0	0.0	0.0	0.0	0.0	0.0	0.0	0.029484029484029485	0.5955006616674019	0.012135431414586789	0.0	0.7129065795336403	0.0	0.0	0.0	0.06282722513089005	0.0	0.0	0.0	0.015644555694618274	1.0682004930156122	0.0	0.0	0.0	0.0	0.0	0.0	5.292002055146429	0.0	0.0	0.29559562518474725	0.0	0.0	0.0	0.0	0.14558395341313493	0.0	0.0	0.2180496668685645	0.0	0.0	0.0	0.1463057790782736	0.0	0.0	0.023485204321277597	0.0098405825624877	0.0	0.0	0.0	0.0	0.0	0.0	0.0	0.0	0.4876462938881665	0.0	0.000436965536528134	1.7481631618951103	0.0	0.0	0.0	0.0	0.0	0.0	0.0	0.0	0.0	0.0	0.08514261387824607	0.0	0.0	0.0	0.0	0.0	0.0	0.0	0.8914847832769751	0.0	0.0	0.0	0.0	0.01277139208173691	0.0	0.0	0.3841229193341869	0.0	0.0	0.0	0.0	0.43346337234503685	0.17554125219426564	0.02204099625303064	0.0	0.03916960438699569	0.0	0.018744142455482664	0.33495226930162453	0.5249854170717481	0.0	0.0	0.0	0.0	0.0	0.0	0.0	2.038216560509554	0.0	0.0	0.026378264310208392	0.0	0.0	0.0	0.0	0.0	0.0	0.19445794846864364	0.0
HMT-841		0.013960631020522129	0.0	10.811939052389897	0.0	0.0	0.0	0.0	0.0	0.0	0.0	0.0	0.0	0.0	0.0	0.0	0.0	0.0	0.0	0.0	0.0	0.0	0.0	0.0	0.0	0.0	0.0	0.0	0.0	0.0	4.9480249480249485	0.0	0.0	0.0	0.0	0.0	0.0	0.0	0.0	0.0	0.0	0.0	0.0	0.0	0.0	0.0	0.0	7.317073170731707	0.0	0.0	0.0	0.0	0.0	0.0	0.0	5.57898773006135	0.0	0.0	0.0	0.0	0.0	0.0	0.0	0.0	0.0	0.0	0.0	0.0	0.0	0.0	0.0	0.0	0.0	0.0	0.0	0.0	0.0	0.0	0.0	0.0	0.0	0.0	0.0	0.0	0.0	5.569582652606565	0.0	0.0	0.0	0.0	0.0	0.0	0.0	0.0	0.0	0.0	0.0	0.0	0.0	0.0	0.0	0.0	0.0	0.0	0.0	0.0	0.0	0.0	0.0	0.0	0.0	0.0	7.498485766202302	0.0	0.0	0.0	0.0	0.0	0.0	0.0	0.0	0.0	0.0	0.0	0.0	0.0	0.0	0.0	0.0	10.35977459904638	0.0	0.0	18.393716746896377	0.0	0.0	0.0	0.0	0.0	0.0	0.0	0.0	0.0	0.0	9.323116219667945	0.0	0.0	0.0	0.0	0.0	0.0	0.0	7.1011374116200425	0.0	0.0	0.0	0.0	0.0	0.0	0.0	6.882202304737516	0.0	0.0	0.0	0.0	0.0	7.679929783499122	0.0	0.0	0.0	0.0	0.0	6.799531066822978	40.13221854948474	0.0	0.0	0.0	0.0	0.0	0.0	0.0	0.0	0.0	0.0	0.0	0.0	0.0	0.0	0.0	0.0	0.0	17.051531356344192	0.0
HMT-662		0.14658662571548234	0.0	0.0	0.0	0.007082654578936185	0.08997429305912596	0.0	0.0	0.0	0.1644350481559784	0.08064516129032258	0.07959671000265323	0.0	0.08986340762041696	0.024390243902439025	0.0	0.0	0.0	0.0	0.0	0.08440243079000675	0.0	0.0	0.0	0.02028809089064719	0.0	0.010482180293501047	0.010610079575596818	0.008264462809917356	0.04158004158004158	0.0810898475510866	0.0683526999316473	0.0	0.0	0.0	0.0	0.0	0.0	0.0	0.0	0.0	0.0	0.0	0.0	0.0	0.027995520716685332	0.0	0.01036376826614157	0.0	0.0	0.0	0.0	0.018480872297172428	0.0	0.0	0.029295444558371176	0.0	0.0	0.0	0.04129955947136564	0.0	0.5124919923126201	0.0	0.0881057268722467	0.0	0.04275331338178709	0.0	0.0	0.0	0.0	0.0	0.0	0.020383204239706482	0.0	0.0651890482398957	0.0	0.0	0.0	0.0	0.0	0.0687960687960688	0.17644464049404499	0.0	0.0	0.0	0.0	0.11682242990654204	0.0	0.02094240837696335	0.023110700254217704	0.0	0.13215859030837004	0.07822277847309136	0.3423719528896193	0.0	0.0	0.0	0.0	0.0	0.0	0.03425244048638465	0.0	0.0	0.0	0.0	0.0	0.39908090458338374	0.023413720440177945	0.9220317049498544	0.07461891056390577	0.0	0.024227740763173834	0.0	0.0	0.013435442697836895	0.2682272616435016	0.0209819555182543	0.0	0.023485204321277597	0.0	0.06812762575224253	0.0	0.0	0.0	0.0	0.0	0.0	0.0	0.0	0.0	0.003058758755696938	0.0	0.0	0.0	0.01443001443001443	0.0	0.0	0.0	0.0	0.0	0.0	0.0	0.0	0.0	0.0	0.0	0.18	0.07342143906020558	0.0	0.03307972213033411	0.01537042729787888	0.0	0.0	0.0	0.0	0.01277139208173691	0.0	0.0	0.0	0.0	0.0	0.0	0.0	0.0	0.0	0.02204099625303064	0.0	0.0	0.0	0.0	0.0	0.116663426015944	0.0	0.0	0.0	0.0	0.7273986837547627	0.0	0.0	0.0	0.015720798616569723	0.15396458814472672	0.0	0.0	0.0	0.0	0.0	0.0	0.0	0.0	0.0
HMT-837		0.0	0.0	2.9430181590482154	0.0	0.0	0.0	0.0	0.0	0.0	0.0	0.0	0.0	0.0	0.0	0.0	0.0	0.0	0.0	0.0	0.0	0.0	0.0	0.0	0.0	0.0	0.0	0.0	0.0	0.0	0.0	0.0	0.0	0.0	0.0	0.0	0.0	0.0	0.0	0.0	0.0	0.0	0.0	0.0	0.0	0.0	0.0	0.0	0.0	0.0	0.0	0.0	0.0	0.0	0.0	13.899539877300612	0.0	0.0	0.0	0.0	0.0	0.0	0.0	0.0	0.0	0.0	0.0	0.0	0.0	0.0	0.0	0.0	0.0	0.0	0.0	0.0	0.0	0.0	0.0	0.0	0.0	0.0	0.0	0.0	0.0	0.0	0.0	0.0	0.0	0.0	0.0	0.0	0.0	0.0	0.0	0.0	0.0	0.0	0.0	0.0	0.0	0.0	0.0	0.0	0.0	0.0	0.0	0.0	0.0	0.48527984471044966	0.0	0.0	0.19382192610539067	0.0	0.0	0.0	0.0	0.0	0.0	0.0	0.0	0.0	0.0	0.0	0.0	0.0	0.0	0.0	0.0	0.0	0.0	0.0	5.447175069673169	0.0	0.0	0.0	0.0	0.0	0.0	0.0	0.0	0.0	0.0	0.0	0.0	0.0	0.0	0.0	0.0	0.0	0.0	1.8751921303412233	0.0	0.0	0.0	0.0	0.0	0.0	0.0	0.06402048655569782	0.0	0.0	0.0	0.0	0.0	0.0	0.0	0.0	0.0	0.0	0.0	1.992966002344666	0.0	0.0	0.0	0.0	0.0	0.0	0.0	0.0	0.0	0.0	0.0	0.0	0.0	0.0	0.0	0.0	0.0	0.0	0.0	0.0
HMT-844		0.0	0.0	2.40033395950741	0.0	0.0	0.0	0.0	0.0	0.0	0.0	0.0	0.0	0.0	0.0	0.0	0.0	0.0	0.0	0.0	0.0	0.0	0.0	0.0	0.0	0.0	0.0	0.0	0.0	0.0	41.58004158004158	0.0	0.0	0.0	0.0	0.0	0.0	0.0	0.0	0.0	0.0	0.0	0.0	0.0	0.0	0.0	0.0	22.677737415672027	0.0	0.0	0.0	0.0	0.0	0.0	0.0	18.098159509202453	0.0	0.0	0.0	0.0	0.0	0.0	0.0	0.0	0.0	0.0	0.0	0.0	0.0	0.0	0.0	0.0	0.0	0.0	0.0	0.0	0.0	0.0	0.0	0.0	0.0	0.0	0.0	0.0	0.0	4.60418832615476	0.0	0.0	0.0	0.0	0.0	0.0	0.0	0.0	0.0	0.0	0.0	0.0	0.0	0.0	0.0	0.0	0.0	0.0	0.0	0.0	0.0	0.0	0.0	0.0	0.0	0.0	0.47244094488188976	0.0	0.0	0.0	0.0	0.0	0.0	0.023485204321277597	0.0	0.0	0.0	0.0	0.0	0.0	0.0	0.0	0.0	32.14130905938448	0.0	0.0	0.15201418799087915	0.0	0.0	0.0	0.0	0.0	0.0	0.0	0.0	0.0	0.0	0.0	0.0	0.0	0.0	0.0	0.0	0.0	0.0	3.904088533661236	0.0	0.0	0.0	0.0	0.0	0.0	0.0	0.03201024327784891	0.0	0.0	0.0	0.0	0.0	0.0	0.0	0.0	0.0	0.0	0.0	0.016747613465081225	0.0	0.0	0.0	0.0	0.0	0.0	0.0	0.0	0.0	0.0	0.0	0.0	0.0	0.0	0.0	0.0	0.0	0.0	0.0	0.0
HMT-004		0.0	0.0	0.0	0.019065776930409912	0.0	0.0	0.0	0.0	0.0	0.0	0.0	0.0	0.0	0.017972681524083396	0.012195121951219513	0.0	0.0	0.0	0.08033419023136247	0.01030715316429602	0.0	0.0	0.0	0.0	0.0	0.0	0.0	0.0	0.0	0.0	0.0	0.0	0.0	0.0	0.0	0.0	0.0	0.0	0.0	0.0	0.0	0.0	0.0	0.0	0.0	0.0	0.0	0.0	0.0	0.0	0.0	0.0	0.0	0.0	0.0	0.0	0.0	0.0	0.0	0.0	0.0	0.0	0.019886250646303148	0.0	0.002665742542585237	0.005576519136754837	0.0	0.014086491055078181	0.0	0.0	0.0	0.0	0.0	0.010810810810810811	0.0	0.0	0.0	0.0	0.0	0.0	0.0	0.0	0.0	0.0	0.0	0.0	0.0	0.0	0.0	0.0	0.0	0.0	0.0	0.013694878115584772	0.0	0.0	0.0	0.02106149957877001	0.0	0.0	0.0	0.0	0.016178611875101116	0.0	0.0	1.5772870662460567	0.06046680372475511	0.0	0.0	0.04263937746508901	0.047036688617121354	0.0	0.0	0.0	0.0	0.0	0.0	0.0	0.0	0.0	0.0	0.0	0.0	0.0	0.0	0.0	0.0	0.0	0.0	0.0	0.0	0.0	0.0	0.0	0.0	0.0	0.0	0.0	0.0	0.0	0.07079646017699115	0.0	0.0	0.0	0.04395604395604395	0.0	0.0	0.0	0.0	0.0	0.0	0.0	0.0	0.0	0.0	0.0	0.0	0.0	0.0	0.0	0.0	0.0	0.0	0.0	0.0	0.0	0.0	0.0	0.0	0.0	0.0	0.0	0.0	0.0	0.5462822458270106	0.0	0.0	0.0	0.0	0.0	0.0	0.0	0.0	0.0	0.2236636099306643	0.06596306068601583	0.0	0.0	0.0	0.0	0.0
HMT-406		0.0	0.0	0.0	0.0	0.042495927473617114	0.0	0.0	0.0	0.0	0.02349072116513977	0.0	0.0	0.023207240659085637	0.07189072609633358	0.0	0.0	0.0	0.0	0.0	0.0	0.01688048615800135	0.0	0.0	0.0	0.0	0.0	0.0	0.021220159151193636	0.0	0.0	0.0	0.0	0.0	0.0	0.0	0.0	0.0	0.0	0.0	0.0	0.0	0.0	0.015113730824454016	0.0	0.0	0.0	0.0	0.0	0.0	0.0	0.0	0.0	0.0	0.0	0.0	0.0	0.0	0.0	0.0	0.0	0.0	0.0	0.0	0.0	0.0	0.0	0.0	0.0	0.0	0.0	0.0	0.0	0.0	0.0	0.0	0.0	0.0	0.0	0.0	0.0	0.0	0.0	0.0	0.0	0.0	0.0	0.0	0.0	0.0	0.0	0.0	0.0	0.0	0.0	0.0	0.0	0.0	0.0	0.0	0.0	0.0	0.0	0.0	0.0	0.0	0.15772870662460567	0.07256016446970613	0.0	0.0	0.0	0.0	0.0	0.0	0.0	0.0	0.0	0.0	0.0	0.0	0.0	0.0	0.0	0.0	0.0	0.0	0.0	0.0	0.0	0.0	0.0	0.0	0.0	0.0	0.0	0.0	0.0	0.0	0.0	0.0	0.0	0.035398230088495575	0.0	0.0	0.0	0.0	0.0	0.0	0.0	0.0	0.0	0.0	0.0	0.0	0.0	0.0	0.0	0.0	0.0	0.0	0.0	0.0	0.0	0.0	0.0	0.0	0.0	0.0024469620965571243	0.0	0.0	0.0	0.0	0.0	0.0	0.0	0.30349013657056145	0.020999580008399833	0.0	0.0	0.0	0.0	0.0	0.0	0.0	0.0	0.0	0.0	0.0	0.0	0.0	0.0	0.0
HMT-706		0.0	0.0	0.0	0.0	0.0	0.0	0.01348799568384138	0.0	0.0	0.09396288466055908	0.0	0.0	0.0	0.0	0.0	0.0	0.0	0.0	0.0	0.0	0.0	0.0	0.0	0.0	0.0	0.0	0.0	0.0	0.0	0.0	0.0	0.0	0.0	0.0	0.0	0.0	0.0	0.0	0.0	0.0	0.0	0.0	0.0	0.0	0.0	0.0	0.0	0.0	0.0	0.0	0.0	0.0	0.0	0.0	0.0	0.0	0.0	0.0	0.0	0.0	0.0	0.0	0.0	0.0	0.0	0.0	0.0	0.0	0.0	0.0	0.0	0.0	0.0	0.0	0.0	0.0	0.0	0.0	0.0	0.0	0.0	0.0	0.0	0.0	0.0	0.0	0.0	0.0	0.0	0.0	0.0	0.0	0.0	0.0	0.0	0.0	0.0	0.0	0.0	0.0	0.0	0.0	0.0	0.0	0.0	0.0	0.0	0.0	0.0	0.0	0.0	0.0	0.0	0.0	0.0	0.0	0.0	0.0	0.0	0.0	0.0	0.0	0.0	0.0	0.0	0.0	0.0	0.0	0.0	0.0	0.0	0.0	0.0	0.0	0.0	0.0	0.0	0.0	0.0	0.0	0.0	0.0	0.0	0.0	0.0	0.0	0.0	0.0	0.0	0.0	0.0	0.0	0.0	0.0	0.0	0.01277139208173691	0.0	0.0	0.0	0.0	0.0	0.0	0.0	0.0	0.0	0.0	0.0	0.0	0.0	0.0	0.0	0.0	0.0	0.0	0.0	0.0	0.0	0.0	0.0	0.0	0.0	0.0	0.0	0.0	0.0	0.0	0.0	0.0	0.0	0.0	0.0
HMT-626	Neither HMT-626 nor HMT-757 were present singularly so these reads were split evenly at this site (PFO).	0.003490157755130532	0.0039856516540454365	0.0	0.0	0.007082654578936185	0.0	0.0	0.0	0.0	0.011745360582569885	0.0	0.006633059166887768	0.0	0.0	0.0	0.0	0.0	0.0	0.0	0.0	0.0	0.0	0.0	0.0	0.0	0.0	0.0	0.0	0.0	0.0	0.0	0.0	0.0	0.0	0.0	0.0	0.0	0.0	0.045599635202918376	0.0	0.018702075930428278	0.0	0.003778432706113504	0.0	0.0	0.0	0.0	0.0	0.015229972586049346	0.0	0.0	0.0	0.0	0.0	0.0	0.0	0.0	0.0	0.0	0.0	0.0	0.03843689942344651	0.013920375452412202	0.0	0.0013328712712926186	0.0	0.0	0.0	0.008082767539605561	0.0051224259809445755	0.0	0.0	0.010191602119853241	0.0	0.03259452411994785	0.0	0.0	0.0052887666596149775	0.006882312456985547	0.0	0.0	0.08822232024702249	0.006067715707293394	0.0	0.0	0.0	0.0	0.0	0.0	0.0	0.0	0.0	0.0	0.006847439057792386	0.07473841554559044	0.0	0.0	0.0	0.0	0.0	0.0	0.0	0.0	0.0	0.0	0.0	0.0	0.0	0.0	0.0	0.0	0.0	0.0	0.0	0.0	0.0243842965130456	0.0	0.007751937984496125	0.0	0.0	0.0	0.0	0.0	0.0	0.0	0.0	0.0	0.012729124236252545	0.0	0.0	0.0	0.0	0.0	0.03914660403210021	0.0	0.0	0.0	0.0	0.0	0.0	0.0	0.0	0.0	0.0	0.021978021978021976	0.0	0.0	0.012236906510034264	0.0	0.0	0.0	0.0	0.0	0.0	0.0	0.006385696040868455	0.0	0.0	0.0	0.0	0.0	0.0	0.0	0.0	0.0	0.02204099625303064	0.0	0.0	0.0	0.028116213683223992	0.0	0.0	0.00690894016857814	0.0	0.0	0.0	0.017319016279875303	0.0	0.0	2.1656050955414012	0.015720798616569723	0.0	0.0	0.0	0.0	0.0	0.0	0.0	0.006218905472636815	0.0	0.0
HMT-757	Neither HMT-626 nor HMT-757 were present singularly so these reads were split evenly at this site (PFO).	0.003490157755130532	0.0039856516540454365	0.0	0.0	0.007082654578936185	0.0	0.0	0.0	0.0	0.011745360582569885	0.0	0.006633059166887768	0.0	0.0	0.0	0.0	0.0	0.0	0.0	0.0	0.0	0.0	0.0	0.0	0.0	0.0	0.0	0.0	0.0	0.0	0.0	0.0	0.0	0.0	0.0	0.0	0.0	0.0	0.045599635202918376	0.0	0.018702075930428278	0.0	0.003778432706113504	0.0	0.0	0.0	0.0	0.0	0.015229972586049346	0.0	0.0	0.0	0.0	0.0	0.0	0.0	0.0	0.0	0.0	0.0	0.0	0.03843689942344651	0.013920375452412202	0.0	0.0013328712712926186	0.0	0.0	0.0	0.008082767539605561	0.0051224259809445755	0.0	0.0	0.010191602119853241	0.0	0.03259452411994785	0.0	0.0	0.0052887666596149775	0.006882312456985547	0.0	0.0	0.08822232024702249	0.006067715707293394	0.0	0.0	0.0	0.0	0.0	0.0	0.0	0.0	0.0	0.0	0.006847439057792386	0.07473841554559044	0.0	0.0	0.0	0.0	0.0	0.0	0.0	0.0	0.0	0.0	0.0	0.0	0.0	0.0	0.0	0.0	0.0	0.0	0.0	0.0	0.0243842965130456	0.0	0.007751937984496125	0.0	0.0	0.0	0.0	0.0	0.0	0.0	0.0	0.0	0.012729124236252545	0.0	0.0	0.0	0.0	0.0	0.03914660403210021	0.0	0.0	0.0	0.0	0.0	0.0	0.0	0.0	0.0	0.0	0.021978021978021976	0.0	0.0	0.012236906510034264	0.0	0.0	0.0	0.0	0.0	0.0	0.0	0.006385696040868455	0.0	0.0	0.0	0.0	0.0	0.0	0.0	0.0	0.0	0.02204099625303064	0.0	0.0	0.0	0.028116213683223992	0.0	0.0	0.00690894016857814	0.0	0.0	0.0	0.017319016279875303	0.0	0.0	2.1656050955414012	0.015720798616569723	0.0	0.0	0.0	0.0	0.0	0.0	0.0	0.006218905472636815	0.0	0.0
HMT-615	Neither HMT-615 nor HMT-819 were present singularly so these reads were split evenly at this site (PFO).	0.003490157755130532	0.0	0.0	0.16205910390848427	0.0	0.019280205655526992	0.0	0.0	0.0	49.23655156213296	0.0	0.06633059166887768	1.7521466697609653	0.017972681524083396	0.0	0.0	0.0	0.0	0.08836760925449871	10.51844980416409	0.0675219446320054	0.0	49.99269539810081	0.0	0.0	0.004452756256122539	25.18343815513627	0.21220159151193632	48.942148760330575	0.0	0.0	0.0	0.0	0.04189359028068705	0.0	0.0	0.0	0.11992324912056285	0.0	49.474578890434245	0.0	0.0	0.0	0.0	0.02918855808523059	0.0	0.0	0.005181884133070785	0.0	0.11100832562442184	1.061434544869733	0.0	0.0	0.0	0.0	33.89482935403545	0.0	7.26797385620915	0.0	46.80616740088105	0.0	4.471492632927611	1.3124925426560077	0.04405286343612335	0.0	0.0	0.0	0.0	0.0	0.010244851961889151	0.0	8.54373884213211	44.985731757032205	0.0	0.0	0.0	49.981167608286256	0.015866299978844933	0.0	0.03705762460626274	0.6781326781326781	0.4741949713277459	0.400469236681364	0.03586800573888092	0.0	0.0	0.0	0.0	1.2670157068062828	28.403050612433557	0.0	0.0	0.007822277847309137	0.3697617091207888	0.010676916506512918	0.0	0.0	0.0	0.0	0.007439369141496801	7.287206713478335	0.008051529790660227	0.008089305937550558	0.4286136565178835	0.0	0.0	0.036280082234853066	0.0	4.949854416046587	0.0	5.228911884603324	0.0	0.0	0.045840018336007336	0.0	8.19312362838332	0.24129248845992443	0.2635658914728682	0.10568341944574917	0.0	0.0	0.0	0.013915947676036738	0.0488122356003905	0.0	0.0	0.0	0.0	0.0	0.0	0.004151172597017273	0.0	0.0	0.0	0.021645021645021644	0.0	0.09900990099009901	0.2191380569758948	0.0	1.324902137910268	0.0	0.0	0.0	0.0	0.0	37.960339943342774	0.0	0.06118453255017131	0.0	0.0	0.0	0.0639386189258312	0.0	0.0	0.0	0.031928480204342274	0.0	0.04757373929590866	0.0	1.9360706860706862	0.0	0.0	0.28922631959508316	23.211963589076724	0.0	0.2975534494159136	23.089534343113023	0.17626321974148063	0.07598784194528875	0.18744142455482662	0.21771897504605595	0.0	49.841094376122705	49.64212678936605	0.0	0.0	0.034638032559750606	0.0	0.007640586797066014	0.0	0.0	0.012830382345393894	0.2769717752571881	0.0129366106080207	0.0	1.2450527704485488	0.0	0.0	0.01243781094527363	0.0	0.0
HMT-819	Neither HMT-615 nor HMT-819 were present singularly so these reads were split evenly at this site (PFO).	0.003490157755130532	0.0	0.0	0.16205910390848427	0.0	0.019280205655526992	0.0	0.0	0.0	49.23655156213296	0.0	0.06633059166887768	1.7521466697609653	0.017972681524083396	0.0	0.0	0.0	0.0	0.08836760925449871	10.51844980416409	0.0675219446320054	0.0	49.99269539810081	0.0	0.0	0.004452756256122539	25.18343815513627	0.21220159151193632	48.942148760330575	0.0	0.0	0.0	0.0	0.04189359028068705	0.0	0.0	0.0	0.11992324912056285	0.0	49.474578890434245	0.0	0.0	0.0	0.0	0.02918855808523059	0.0	0.0	0.005181884133070785	0.0	0.11100832562442184	1.061434544869733	0.0	0.0	0.0	0.0	33.89482935403545	0.0	7.26797385620915	0.0	46.80616740088105	0.0	4.471492632927611	1.3124925426560077	0.04405286343612335	0.0	0.0	0.0	0.0	0.0	0.010244851961889151	0.0	8.54373884213211	44.985731757032205	0.0	0.0	0.0	49.981167608286256	0.015866299978844933	0.0	0.03705762460626274	0.6781326781326781	0.4741949713277459	0.400469236681364	0.03586800573888092	0.0	0.0	0.0	0.0	1.2670157068062828	28.403050612433557	0.0	0.0	0.007822277847309137	0.3697617091207888	0.010676916506512918	0.0	0.0	0.0	0.0	0.007439369141496801	7.287206713478335	0.008051529790660227	0.008089305937550558	0.4286136565178835	0.0	0.0	0.036280082234853066	0.0	4.949854416046587	0.0	5.228911884603324	0.0	0.0	0.045840018336007336	0.0	8.19312362838332	0.24129248845992443	0.2635658914728682	0.10568341944574917	0.0	0.0	0.0	0.013915947676036738	0.0488122356003905	0.0	0.0	0.0	0.0	0.0	0.0	0.004151172597017273	0.0	0.0	0.0	0.021645021645021644	0.0	0.09900990099009901	0.2191380569758948	0.0	1.324902137910268	0.0	0.0	0.0	0.0	0.0	37.960339943342774	0.0	0.06118453255017131	0.0	0.0	0.0	0.0639386189258312	0.0	0.0	0.0	0.031928480204342274	0.0	0.04757373929590866	0.0	1.9360706860706862	0.0	0.0	0.28922631959508316	23.211963589076724	0.0	0.2975534494159136	23.089534343113023	0.17626321974148063	0.07598784194528875	0.18744142455482662	0.21771897504605595	0.0	49.841094376122705	49.64212678936605	0.0	0.0	0.034638032559750606	0.0	0.007640586797066014	0.0	0.0	0.012830382345393894	0.2769717752571881	0.0129366106080207	0.0	1.2450527704485488	0.0	0.0	0.01243781094527363	0.0	0.0
Unmatched		1.1238307971520314	0.015942606616181746	43.059903986641615	0.0	0.02833061831574474	0.038560411311053984	0.02697599136768276	0.04310344827586207	1.0845481049562682	0.02349072116513977	0.7123655913978495	0.39798355001326613	0.8122534230679972	0.46728971962616817	0.1829268292682927	0.013317352510320946	0.35239902412577934	0.09027307605506657	0.9961439588688945	5.39064110492682	0.5064145847400405	0.0	0.0	0.0	0.0	0.08014961261020571	0.0	0.41379310344827586	1.2975206611570247	37.276507276507274	0.0	0.0	0.0	0.0	0.0	0.14966859097712207	0.06284367635506677	1.0393348257115445	2.1583827329381364	0.061814248184206465	1.701888909668973	0.4391314954867041	0.12090984659563213	0.020964360587002094	0.011675423234092236	8.3986562150056	39.309807991696935	1.9794797388330398	0.03045994517209869	2.9787234042553195	1.3509166934705692	1.087144089732528	0.05544261689151728	0.017488632388947184	42.09164110429448	0.0	0.0	0.0	0.01951981260979895	1.0875550660792952	0.7476212052560036	2.9596412556053813	0.2306805074971165	1.3656387665198237	0.002665742542585237	0.7788538394334257	0.10277492291880781	0.12677841949570362	0.3394762366634336	0.38930437455178774	0.09528346831824679	0.0	0.36689767631471665	0.08648648648648649	0.0869187309865276	0.030099327781679543	0.03766478342749529	0.5077215993230378	0.013764624913971095	0.0	0.12776412776412777	10.652845169827966	0.016180575219449052	0.01793400286944046	18.26823110054953	0.0	0.08761682242990654	0.2074688796680498	0.1675392670157068	0.023110700254217704	0.05180452426178552	5.991189427312775	0.03128911138923655	0.013694878115584772	0.14947683109118087	0.1474744992011798	0.19150613946152978	0.7266217354675653	1.2359550561797752	0.0	0.017126220243192325	0.06441223832528181	3.219543763145122	0.08867868755542418	0.06986725222078052	1.5772870662460567	0.20558713266416737	0.07024116132053383	0.3235198964736331	4.988807163415414	0.1724678582627783	10.260448213204118	0.0	0.4354801741920697	0.13435442697836894	0.121921482565228	0.1468736886277801	0.9147286821705427	0.5166744950681071	0.2558551466246802	0.13625525150448506	0.45721750489875895	0.08349568605622043	1.5945330296127564	0.7261410788381742	0.0	0.2637826431020839	0.0	22.160814911140008	1.1250265336446614	0.622675889552591	12.059792247276413	0.0	0.0	1.1976911976911977	0.0	1.056105610561056	0.07304601899196494	0.10775862068965517	0.0	0.3185840707964602	0.0	51.51128139633887	0.5699254712845244	0.0879120879120879	0.023607176581680833	0.0	0.024473813020068527	0.2996703626011388	0.03307972213033411	23.624346756839838	0.7459505541346974	3.2175689479060265	0.11200716845878135	0.06297229219143577	0.19157088122605362	3.5946462715105163	0.35680304471931495	13.50832266325224	0.36382536382536385	0.042363905952128786	3.8527889591719378	0.6869125090383225	0.043346337234503686	35.07899356348742	0.04408199250606128	0.004893924193114249	0.11750881316098707	0.0	0.4686035613870665	3.751465416178194	1.2638537818393933	0.16581456404587538	0.025562372188139063	0.5159332321699545	0.0	0.3463803255975061	0.5628976994615761	25.68765281173594	25.095541401273884	0.0	0.025660764690787787	1.2397784225797943	0.15523932729624837	1.2077834936255871	0.0	0.035398230088495575	0.431266846361186	0.1616915422885572	5.335439961108411	0.0
