Taxonomy	Rank	HMT	Taxonomy_ID	Notes	S700016101-PFO	S700016506-PFO	S700016606-PFO	S700021932-PFO	S700023102-PFO	S700023204-PFO	S700023283-PFO	S700023436-PFO	S700023493-PFO	S700023670-PFO	S700023804-PFO	S700023861-PFO	S700023918-PFO	S700024003-PFO	S700024080-PFO	S700024163-PFO	S700024270-PFO	S700024395-PFO	S700024768-PFO	S700024845-PFO	S700024882-PFO	S700033044-PFO	S700033195-PFO	S700033501-PFO	S700033791-PFO	S700037014-PFO	S700037236-PFO	S700037716-PFO	S700038738-PFO	S700038797-PFO	S700097355-PFO	S700098331-PFO	S700098423-PFO	S700098996-PFO	S700099123-PFO	S700099352-PFO	S700100291-PFO	S700102649-PFO	S700103305-PFO	S700103708-PFO	S700105065-PFO	S700105179-PFO	S700105236-PFO	S700105453-PFO	S700105494-PFO	S700105646-PFO	S700105721-PFO	S700105796-PFO	S700105998-PFO	S700106054-PFO	S700106091-PFO	S700106520-PFO	S700106835-PFO	S700106912-PFO	S700113160-PFO	S700113539-PFO	S700113578-PFO	S700113856-PFO	S700113970-PFO	S700114104-PFO	S700114161-PFO	S700114234-PFO	S700114303-PFO	S700114458-PFO	S700114505-PFO	S700114594-PFO	S700114651-PFO	S700114834-PFO	S700114937-PFO	S700116217-PFO	S700116342-PFO	S700116657-PFO	S700116998-PFO	S700117698-PFO	S700117753-PFO	S700117954-PFO
Bacteria	domain				93.804	99.168	39.574	99.729	99.684	99.87	99.797	100.0	97.726	99.659	97.748	98.267	96.818	98.655	99.619	99.883	99.271	99.15	95.126	91.019	99.031	99.977	99.911	98.78	94.959	99.965	99.828	95.521	99.587	99.305	51.9	93.731	94.802	98.537	99.616	100.0	92.176	98.909	87.99	95.113	99.914	99.808	99.057	98.736	99.549	99.744	80.206	97.767	99.901	99.572	99.746	99.844	85.206	93.857	99.594	98.775	99.69	96.874	98.569	99.987	92.951	99.03	99.633	99.659	88.721	96.751	99.92	94.753	100.0	98.02	72.624	99.97	99.976	98.517	99.858	98.289
Bacteria;Actinomycetota	phylum				0.005	0.0	16.334	0.0	0.0	0.0	0.0	0.0	0.0	0.0	0.0	0.012	0.0	0.0	0.0	0.0	0.0	0.012	0.0	45.078	0.0	0.0	0.0	0.0	0.008	0.0	0.0	0.0	0.0	0.0	13.514	2.105	0.0	0.0	0.0	0.0	0.764	0.0	0.874	0.0	0.0	0.0	0.0	0.0	0.0	0.0	0.0	0.015	0.0	0.0	0.0	0.0	0.0	0.0	0.0	0.0	0.0	0.021	3.873	0.0	0.022	0.0	0.0	0.0	0.19	0.0	0.0	3.396	0.0	0.0	1.715	0.0	0.0	0.0	0.0	0.0
Bacteria;Bacteroidota	phylum				0.205	0.0	0.0	0.0	0.021	0.0	0.0	0.0	0.0	0.055	0.014	0.215	0.0	0.014	0.0	0.0	0.0	0.0	0.0	0.0	0.121	0.0	0.025	0.0	0.008	0.0	0.0	0.03	0.0	0.0	0.363	0.256	0.0	0.0	0.051	0.0	18.33	0.0	24.231	0.255	0.0	0.0	0.0	0.0	0.0	0.0	0.0	0.0	0.0	0.0	0.0	0.028	0.0	0.0	0.06	0.0	0.0	0.0	0.019	0.013	0.011	0.0	0.0	0.0	0.0	0.049	0.0	0.503	0.0	0.0	0.0	0.015	0.012	0.0	0.01	0.0
Bacteria;Bacillota	phylum				91.108	99.168	19.939	99.718	99.652	99.851	99.724	100.0	97.726	99.521	97.168	97.766	96.446	98.389	99.263	99.818	98.965	99.031	93.821	45.941	98.862	99.977	99.809	98.78	94.567	99.965	99.828	95.342	99.579	99.305	14.091	91.104	94.802	98.537	99.565	100.0	73.082	98.909	62.884	93.343	99.914	99.704	99.02	98.708	99.549	99.744	80.206	97.693	99.901	99.444	99.726	99.773	85.093	93.857	99.534	98.775	99.69	96.853	94.6	99.974	92.303	99.03	99.611	99.659	88.349	96.702	99.92	90.303	100.0	98.02	70.397	99.955	99.964	98.517	99.847	98.289
Bacteria;Fusobacteriota	phylum				1.85	0.0	3.301	0.0	0.0	0.0	0.0	0.0	0.0	0.0	0.0	0.0	0.0	0.0	0.0	0.0	0.0	0.0	0.0	0.0	0.0	0.0	0.0	0.0	0.0	0.0	0.0	0.0	0.0	0.0	23.933	0.123	0.0	0.0	0.0	0.0	0.0	0.0	0.0	0.012	0.0	0.0	0.0	0.0	0.0	0.0	0.0	0.044	0.0	0.0	0.0	0.0	0.0	0.0	0.0	0.0	0.0	0.0	0.076	0.0	0.0	0.0	0.0	0.0	0.0	0.0	0.0	0.392	0.0	0.0	0.512	0.0	0.0	0.0	0.0	0.0
Bacteria;Pseudomonadota	phylum				0.313	0.0	0.0	0.012	0.011	0.019	0.074	0.0	0.0	0.083	0.566	0.275	0.372	0.252	0.356	0.065	0.243	0.106	1.305	0.0	0.048	0.0	0.076	0.0	0.376	0.0	0.0	0.149	0.008	0.0	0.0	0.142	0.0	0.0	0.0	0.0	0.0	0.0	0.0	1.504	0.0	0.103	0.037	0.028	0.0	0.0	0.0	0.015	0.0	0.127	0.02	0.042	0.113	0.0	0.0	0.0	0.0	0.0	0.0	0.0	0.253	0.0	0.022	0.0	0.182	0.0	0.0	0.159	0.0	0.0	0.0	0.0	0.0	0.0	0.0	0.0
Bacteria;Synergistota	phylum				0.323	0.0	0.0	0.0	0.0	0.0	0.0	0.0	0.0	0.0	0.0	0.0	0.0	0.0	0.0	0.0	0.064	0.0	0.0	0.0	0.0	0.0	0.0	0.0	0.0	0.0	0.0	0.0	0.0	0.0	0.0	0.0	0.0	0.0	0.0	0.0	0.0	0.0	0.0	0.0	0.0	0.0	0.0	0.0	0.0	0.0	0.0	0.0	0.0	0.0	0.0	0.0	0.0	0.0	0.0	0.0	0.0	0.0	0.0	0.0	0.362	0.0	0.0	0.0	0.0	0.0	0.0	0.0	0.0	0.0	0.0	0.0	0.0	0.0	0.0	0.0
Bacteria;Actinomycetota;Actinomycetes	class				0.005	0.0	0.232	0.0	0.0	0.0	0.0	0.0	0.0	0.0	0.0	0.012	0.0	0.0	0.0	0.0	0.0	0.012	0.0	0.063	0.0	0.0	0.0	0.0	0.008	0.0	0.0	0.0	0.0	0.0	11.443	0.522	0.0	0.0	0.0	0.0	0.0	0.0	0.874	0.0	0.0	0.0	0.0	0.0	0.0	0.0	0.0	0.015	0.0	0.0	0.0	0.0	0.0	0.0	0.0	0.0	0.0	0.0	3.835	0.0	0.022	0.0	0.0	0.0	0.19	0.0	0.0	0.025	0.0	0.0	0.009	0.0	0.0	0.0	0.0	0.0
Bacteria;Actinomycetota;Coriobacteriia	class				0.0	0.0	16.102	0.0	0.0	0.0	0.0	0.0	0.0	0.0	0.0	0.0	0.0	0.0	0.0	0.0	0.0	0.0	0.0	45.016	0.0	0.0	0.0	0.0	0.0	0.0	0.0	0.0	0.0	0.0	2.071	1.584	0.0	0.0	0.0	0.0	0.764	0.0	0.0	0.0	0.0	0.0	0.0	0.0	0.0	0.0	0.0	0.0	0.0	0.0	0.0	0.0	0.0	0.0	0.0	0.0	0.0	0.021	0.038	0.0	0.0	0.0	0.0	0.0	0.0	0.0	0.0	3.371	0.0	0.0	1.706	0.0	0.0	0.0	0.0	0.0
Bacteria;Bacteroidota;Bacteroidia	class				0.205	0.0	0.0	0.0	0.021	0.0	0.0	0.0	0.0	0.055	0.014	0.215	0.0	0.014	0.0	0.0	0.0	0.0	0.0	0.0	0.121	0.0	0.025	0.0	0.008	0.0	0.0	0.03	0.0	0.0	0.363	0.256	0.0	0.0	0.051	0.0	18.33	0.0	24.231	0.255	0.0	0.0	0.0	0.0	0.0	0.0	0.0	0.0	0.0	0.0	0.0	0.028	0.0	0.0	0.06	0.0	0.0	0.0	0.019	0.013	0.011	0.0	0.0	0.0	0.0	0.049	0.0	0.503	0.0	0.0	0.0	0.015	0.012	0.0	0.01	0.0
Bacteria;Bacillota;Bacilli	class				87.946	99.168	2.693	99.718	99.61	99.851	99.724	100.0	97.726	99.521	97.168	97.108	96.336	98.347	99.263	99.818	98.965	99.031	93.821	45.141	98.813	99.961	99.809	98.768	94.567	99.965	99.828	95.342	99.579	99.305	2.839	91.009	94.781	98.537	99.565	99.549	70.214	98.909	46.358	91.682	99.914	99.704	98.983	98.708	99.533	99.744	61.359	97.693	99.888	99.409	99.726	99.773	84.923	93.857	98.042	98.775	99.69	96.832	63.671	99.974	92.303	98.656	99.438	99.659	88.349	96.702	99.92	89.016	100.0	98.02	0.943	99.955	99.964	98.517	99.847	98.289
Bacteria;Bacillota;Clostridia	class				2.742	0.0	0.304	0.0	0.042	0.0	0.0	0.0	0.0	0.0	0.0	0.621	0.11	0.014	0.0	0.0	0.0	0.0	0.0	0.788	0.048	0.0	0.0	0.013	0.0	0.0	0.0	0.0	0.0	0.0	0.021	0.057	0.0	0.0	0.0	0.451	1.171	0.0	10.068	1.613	0.0	0.0	0.037	0.0	0.0	0.0	6.014	0.0	0.0	0.0	0.0	0.0	0.17	0.0	0.096	0.0	0.0	0.021	4.56	0.0	0.0	0.028	0.151	0.0	0.0	0.0	0.0	1.201	0.0	0.0	61.883	0.0	0.0	0.0	0.0	0.0
Bacteria;Bacillota;Negativicutes	class				0.42	0.0	16.942	0.0	0.0	0.0	0.0	0.0	0.0	0.0	0.0	0.036	0.0	0.028	0.0	0.0	0.0	0.0	0.0	0.013	0.0	0.016	0.0	0.0	0.0	0.0	0.0	0.0	0.0	0.0	11.23	0.038	0.021	0.0	0.0	0.0	1.697	0.0	6.458	0.049	0.0	0.0	0.0	0.0	0.016	0.0	12.832	0.0	0.012	0.035	0.0	0.0	0.0	0.0	1.397	0.0	0.0	0.0	26.369	0.0	0.0	0.346	0.022	0.0	0.0	0.0	0.0	0.086	0.0	0.0	7.571	0.0	0.0	0.0	0.0	0.0
Bacteria;Fusobacteriota;Fusobacteriia	class				1.85	0.0	3.301	0.0	0.0	0.0	0.0	0.0	0.0	0.0	0.0	0.0	0.0	0.0	0.0	0.0	0.0	0.0	0.0	0.0	0.0	0.0	0.0	0.0	0.0	0.0	0.0	0.0	0.0	0.0	23.933	0.123	0.0	0.0	0.0	0.0	0.0	0.0	0.0	0.012	0.0	0.0	0.0	0.0	0.0	0.0	0.0	0.044	0.0	0.0	0.0	0.0	0.0	0.0	0.0	0.0	0.0	0.0	0.076	0.0	0.0	0.0	0.0	0.0	0.0	0.0	0.0	0.392	0.0	0.0	0.512	0.0	0.0	0.0	0.0	0.0
Bacteria;Pseudomonadota;Alphaproteobacteria	class				0.0	0.0	0.0	0.012	0.0	0.0	0.0	0.0	0.0	0.0	0.0	0.0	0.0	0.042	0.074	0.0	0.0	0.024	0.0	0.0	0.0	0.0	0.0	0.0	0.0	0.0	0.0	0.0	0.0	0.0	0.0	0.0	0.0	0.0	0.0	0.0	0.0	0.0	0.0	0.0	0.0	0.0	0.037	0.0	0.0	0.0	0.0	0.0	0.0	0.0	0.0	0.0	0.0	0.0	0.0	0.0	0.0	0.0	0.0	0.0	0.0	0.0	0.0	0.0	0.008	0.0	0.0	0.0	0.0	0.0	0.0	0.0	0.0	0.0	0.0	0.0
Bacteria;Pseudomonadota;Betaproteobacteria	class				0.0	0.0	0.0	0.0	0.0	0.0	0.0	0.0	0.0	0.0	0.069	0.0	0.0	0.0	0.0	0.0	0.0	0.0	0.015	0.0	0.0	0.0	0.076	0.0	0.376	0.0	0.0	0.0	0.008	0.0	0.0	0.0	0.0	0.0	0.0	0.0	0.0	0.0	0.0	0.0	0.0	0.0	0.0	0.0	0.0	0.0	0.0	0.015	0.0	0.0	0.02	0.0	0.024	0.0	0.0	0.0	0.0	0.0	0.0	0.0	0.099	0.0	0.0	0.0	0.0	0.0	0.0	0.0	0.0	0.0	0.0	0.0	0.0	0.0	0.0	0.0
Bacteria;Pseudomonadota;Epsilonproteobacteria	class				0.313	0.0	0.0	0.0	0.011	0.019	0.0	0.0	0.0	0.0	0.0	0.275	0.0	0.0	0.0	0.0	0.0	0.012	0.0	0.0	0.0	0.0	0.0	0.0	0.0	0.0	0.0	0.0	0.0	0.0	0.0	0.142	0.0	0.0	0.0	0.0	0.0	0.0	0.0	1.504	0.0	0.0	0.0	0.0	0.0	0.0	0.0	0.0	0.0	0.012	0.0	0.0	0.089	0.0	0.0	0.0	0.0	0.0	0.0	0.0	0.066	0.0	0.0	0.0	0.0	0.0	0.0	0.0	0.0	0.0	0.0	0.0	0.0	0.0	0.0	0.0
Bacteria;Pseudomonadota;Gammaproteobacteria	class				0.0	0.0	0.0	0.0	0.0	0.0	0.074	0.0	0.0	0.083	0.497	0.0	0.372	0.21	0.282	0.065	0.243	0.071	1.291	0.0	0.048	0.0	0.0	0.0	0.0	0.0	0.0	0.149	0.0	0.0	0.0	0.0	0.0	0.0	0.0	0.0	0.0	0.0	0.0	0.0	0.0	0.103	0.0	0.028	0.0	0.0	0.0	0.0	0.0	0.116	0.0	0.042	0.0	0.0	0.0	0.0	0.0	0.0	0.0	0.0	0.088	0.0	0.022	0.0	0.174	0.0	0.0	0.159	0.0	0.0	0.0	0.0	0.0	0.0	0.0	0.0
Bacteria;Synergistota;Synergistia	class				0.323	0.0	0.0	0.0	0.0	0.0	0.0	0.0	0.0	0.0	0.0	0.0	0.0	0.0	0.0	0.0	0.064	0.0	0.0	0.0	0.0	0.0	0.0	0.0	0.0	0.0	0.0	0.0	0.0	0.0	0.0	0.0	0.0	0.0	0.0	0.0	0.0	0.0	0.0	0.0	0.0	0.0	0.0	0.0	0.0	0.0	0.0	0.0	0.0	0.0	0.0	0.0	0.0	0.0	0.0	0.0	0.0	0.0	0.0	0.0	0.362	0.0	0.0	0.0	0.0	0.0	0.0	0.0	0.0	0.0	0.0	0.0	0.0	0.0	0.0	0.0
Bacteria;Actinomycetota;Actinomycetes;Actinomycetales	order				0.005	0.0	0.0	0.0	0.0	0.0	0.0	0.0	0.0	0.0	0.0	0.012	0.0	0.0	0.0	0.0	0.0	0.012	0.0	0.0	0.0	0.0	0.0	0.0	0.0	0.0	0.0	0.0	0.0	0.0	11.251	0.0	0.0	0.0	0.0	0.0	0.0	0.0	0.0	0.0	0.0	0.0	0.0	0.0	0.0	0.0	0.0	0.0	0.0	0.0	0.0	0.0	0.0	0.0	0.0	0.0	0.0	0.0	0.0	0.0	0.022	0.0	0.0	0.0	0.0	0.0	0.0	0.0	0.0	0.0	0.009	0.0	0.0	0.0	0.0	0.0
Bacteria;Actinomycetota;Actinomycetes;Bifidobacteriales	order				0.0	0.0	0.232	0.0	0.0	0.0	0.0	0.0	0.0	0.0	0.0	0.0	0.0	0.0	0.0	0.0	0.0	0.0	0.0	0.063	0.0	0.0	0.0	0.0	0.008	0.0	0.0	0.0	0.0	0.0	0.192	0.522	0.0	0.0	0.0	0.0	0.0	0.0	0.874	0.0	0.0	0.0	0.0	0.0	0.0	0.0	0.0	0.015	0.0	0.0	0.0	0.0	0.0	0.0	0.0	0.0	0.0	0.0	3.835	0.0	0.0	0.0	0.0	0.0	0.19	0.0	0.0	0.025	0.0	0.0	0.0	0.0	0.0	0.0	0.0	0.0
Bacteria;Actinomycetota;Coriobacteriia;Coriobacteriales	order				0.0	0.0	16.102	0.0	0.0	0.0	0.0	0.0	0.0	0.0	0.0	0.0	0.0	0.0	0.0	0.0	0.0	0.0	0.0	45.016	0.0	0.0	0.0	0.0	0.0	0.0	0.0	0.0	0.0	0.0	2.071	1.584	0.0	0.0	0.0	0.0	0.764	0.0	0.0	0.0	0.0	0.0	0.0	0.0	0.0	0.0	0.0	0.0	0.0	0.0	0.0	0.0	0.0	0.0	0.0	0.0	0.0	0.021	0.038	0.0	0.0	0.0	0.0	0.0	0.0	0.0	0.0	3.371	0.0	0.0	1.706	0.0	0.0	0.0	0.0	0.0
Bacteria;Bacteroidota;Bacteroidia;Bacteroidales	order				0.205	0.0	0.0	0.0	0.021	0.0	0.0	0.0	0.0	0.055	0.014	0.215	0.0	0.014	0.0	0.0	0.0	0.0	0.0	0.0	0.121	0.0	0.025	0.0	0.008	0.0	0.0	0.03	0.0	0.0	0.363	0.256	0.0	0.0	0.051	0.0	18.33	0.0	24.231	0.255	0.0	0.0	0.0	0.0	0.0	0.0	0.0	0.0	0.0	0.0	0.0	0.028	0.0	0.0	0.06	0.0	0.0	0.0	0.019	0.013	0.011	0.0	0.0	0.0	0.0	0.049	0.0	0.503	0.0	0.0	0.0	0.015	0.012	0.0	0.01	0.0
Bacteria;Bacillota;Bacilli;Lactobacillales	order				87.946	99.168	2.693	99.718	99.61	99.851	99.724	100.0	97.726	99.521	97.168	97.108	96.336	98.347	99.263	99.818	98.965	99.031	93.821	45.141	98.813	99.961	99.809	98.768	94.567	99.965	99.828	95.342	99.579	99.305	2.839	91.009	94.781	98.537	99.565	99.549	70.214	98.909	46.358	91.682	99.914	99.704	98.983	98.708	99.533	99.744	61.359	97.693	99.888	99.409	99.726	99.773	84.923	93.857	98.042	98.775	99.69	96.832	63.671	99.974	92.303	98.656	99.438	99.659	88.349	96.702	99.92	89.016	100.0	98.02	0.943	99.955	99.964	98.517	99.847	98.289
Bacteria;Bacillota;Clostridia;Eubacteriales	order				2.742	0.0	0.304	0.0	0.042	0.0	0.0	0.0	0.0	0.0	0.0	0.621	0.11	0.014	0.0	0.0	0.0	0.0	0.0	0.788	0.048	0.0	0.0	0.013	0.0	0.0	0.0	0.0	0.0	0.0	0.021	0.057	0.0	0.0	0.0	0.451	1.171	0.0	10.068	1.613	0.0	0.0	0.037	0.0	0.0	0.0	6.014	0.0	0.0	0.0	0.0	0.0	0.17	0.0	0.096	0.0	0.0	0.021	4.56	0.0	0.0	0.028	0.151	0.0	0.0	0.0	0.0	1.201	0.0	0.0	61.883	0.0	0.0	0.0	0.0	0.0
Bacteria;Bacillota;Negativicutes;Veillonellales	order				0.42	0.0	16.942	0.0	0.0	0.0	0.0	0.0	0.0	0.0	0.0	0.036	0.0	0.028	0.0	0.0	0.0	0.0	0.0	0.013	0.0	0.016	0.0	0.0	0.0	0.0	0.0	0.0	0.0	0.0	11.23	0.038	0.021	0.0	0.0	0.0	1.697	0.0	6.458	0.049	0.0	0.0	0.0	0.0	0.016	0.0	12.832	0.0	0.012	0.035	0.0	0.0	0.0	0.0	1.397	0.0	0.0	0.0	26.369	0.0	0.0	0.346	0.022	0.0	0.0	0.0	0.0	0.086	0.0	0.0	7.571	0.0	0.0	0.0	0.0	0.0
Bacteria;Fusobacteriota;Fusobacteriia;Fusobacteriales	order				1.85	0.0	3.301	0.0	0.0	0.0	0.0	0.0	0.0	0.0	0.0	0.0	0.0	0.0	0.0	0.0	0.0	0.0	0.0	0.0	0.0	0.0	0.0	0.0	0.0	0.0	0.0	0.0	0.0	0.0	23.933	0.123	0.0	0.0	0.0	0.0	0.0	0.0	0.0	0.012	0.0	0.0	0.0	0.0	0.0	0.0	0.0	0.044	0.0	0.0	0.0	0.0	0.0	0.0	0.0	0.0	0.0	0.0	0.076	0.0	0.0	0.0	0.0	0.0	0.0	0.0	0.0	0.392	0.0	0.0	0.512	0.0	0.0	0.0	0.0	0.0
Bacteria;Pseudomonadota;Alphaproteobacteria;Sphingomonadales	order				0.0	0.0	0.0	0.012	0.0	0.0	0.0	0.0	0.0	0.0	0.0	0.0	0.0	0.042	0.074	0.0	0.0	0.024	0.0	0.0	0.0	0.0	0.0	0.0	0.0	0.0	0.0	0.0	0.0	0.0	0.0	0.0	0.0	0.0	0.0	0.0	0.0	0.0	0.0	0.0	0.0	0.0	0.037	0.0	0.0	0.0	0.0	0.0	0.0	0.0	0.0	0.0	0.0	0.0	0.0	0.0	0.0	0.0	0.0	0.0	0.0	0.0	0.0	0.0	0.008	0.0	0.0	0.0	0.0	0.0	0.0	0.0	0.0	0.0	0.0	0.0
Bacteria;Pseudomonadota;Betaproteobacteria;Burkholderiales	order				0.0	0.0	0.0	0.0	0.0	0.0	0.0	0.0	0.0	0.0	0.069	0.0	0.0	0.0	0.0	0.0	0.0	0.0	0.015	0.0	0.0	0.0	0.076	0.0	0.376	0.0	0.0	0.0	0.008	0.0	0.0	0.0	0.0	0.0	0.0	0.0	0.0	0.0	0.0	0.0	0.0	0.0	0.0	0.0	0.0	0.0	0.0	0.015	0.0	0.0	0.02	0.0	0.024	0.0	0.0	0.0	0.0	0.0	0.0	0.0	0.099	0.0	0.0	0.0	0.0	0.0	0.0	0.0	0.0	0.0	0.0	0.0	0.0	0.0	0.0	0.0
Bacteria;Pseudomonadota;Epsilonproteobacteria;Campylobacterales	order				0.313	0.0	0.0	0.0	0.011	0.019	0.0	0.0	0.0	0.0	0.0	0.275	0.0	0.0	0.0	0.0	0.0	0.012	0.0	0.0	0.0	0.0	0.0	0.0	0.0	0.0	0.0	0.0	0.0	0.0	0.0	0.142	0.0	0.0	0.0	0.0	0.0	0.0	0.0	1.504	0.0	0.0	0.0	0.0	0.0	0.0	0.0	0.0	0.0	0.012	0.0	0.0	0.089	0.0	0.0	0.0	0.0	0.0	0.0	0.0	0.066	0.0	0.0	0.0	0.0	0.0	0.0	0.0	0.0	0.0	0.0	0.0	0.0	0.0	0.0	0.0
Bacteria;Pseudomonadota;Gammaproteobacteria;Pseudomonadales	order				0.0	0.0	0.0	0.0	0.0	0.0	0.074	0.0	0.0	0.083	0.497	0.0	0.372	0.21	0.282	0.065	0.243	0.071	1.291	0.0	0.048	0.0	0.0	0.0	0.0	0.0	0.0	0.149	0.0	0.0	0.0	0.0	0.0	0.0	0.0	0.0	0.0	0.0	0.0	0.0	0.0	0.103	0.0	0.028	0.0	0.0	0.0	0.0	0.0	0.116	0.0	0.042	0.0	0.0	0.0	0.0	0.0	0.0	0.0	0.0	0.088	0.0	0.022	0.0	0.174	0.0	0.0	0.159	0.0	0.0	0.0	0.0	0.0	0.0	0.0	0.0
Bacteria;Synergistota;Synergistia;Synergistales	order				0.323	0.0	0.0	0.0	0.0	0.0	0.0	0.0	0.0	0.0	0.0	0.0	0.0	0.0	0.0	0.0	0.064	0.0	0.0	0.0	0.0	0.0	0.0	0.0	0.0	0.0	0.0	0.0	0.0	0.0	0.0	0.0	0.0	0.0	0.0	0.0	0.0	0.0	0.0	0.0	0.0	0.0	0.0	0.0	0.0	0.0	0.0	0.0	0.0	0.0	0.0	0.0	0.0	0.0	0.0	0.0	0.0	0.0	0.0	0.0	0.362	0.0	0.0	0.0	0.0	0.0	0.0	0.0	0.0	0.0	0.0	0.0	0.0	0.0	0.0	0.0
Bacteria;Actinomycetota;Actinomycetes;Actinomycetales;Actinomycetaceae	family				0.005	0.0	0.0	0.0	0.0	0.0	0.0	0.0	0.0	0.0	0.0	0.012	0.0	0.0	0.0	0.0	0.0	0.012	0.0	0.0	0.0	0.0	0.0	0.0	0.0	0.0	0.0	0.0	0.0	0.0	11.251	0.0	0.0	0.0	0.0	0.0	0.0	0.0	0.0	0.0	0.0	0.0	0.0	0.0	0.0	0.0	0.0	0.0	0.0	0.0	0.0	0.0	0.0	0.0	0.0	0.0	0.0	0.0	0.0	0.0	0.022	0.0	0.0	0.0	0.0	0.0	0.0	0.0	0.0	0.0	0.009	0.0	0.0	0.0	0.0	0.0
Bacteria;Actinomycetota;Actinomycetes;Bifidobacteriales;Bifidobacteriaceae	family				0.0	0.0	0.232	0.0	0.0	0.0	0.0	0.0	0.0	0.0	0.0	0.0	0.0	0.0	0.0	0.0	0.0	0.0	0.0	0.063	0.0	0.0	0.0	0.0	0.008	0.0	0.0	0.0	0.0	0.0	0.192	0.522	0.0	0.0	0.0	0.0	0.0	0.0	0.874	0.0	0.0	0.0	0.0	0.0	0.0	0.0	0.0	0.015	0.0	0.0	0.0	0.0	0.0	0.0	0.0	0.0	0.0	0.0	3.835	0.0	0.0	0.0	0.0	0.0	0.19	0.0	0.0	0.025	0.0	0.0	0.0	0.0	0.0	0.0	0.0	0.0
Bacteria;Actinomycetota;Coriobacteriia;Coriobacteriales;Atopobiaceae	family				0.0	0.0	16.102	0.0	0.0	0.0	0.0	0.0	0.0	0.0	0.0	0.0	0.0	0.0	0.0	0.0	0.0	0.0	0.0	45.016	0.0	0.0	0.0	0.0	0.0	0.0	0.0	0.0	0.0	0.0	2.071	1.584	0.0	0.0	0.0	0.0	0.764	0.0	0.0	0.0	0.0	0.0	0.0	0.0	0.0	0.0	0.0	0.0	0.0	0.0	0.0	0.0	0.0	0.0	0.0	0.0	0.0	0.021	0.038	0.0	0.0	0.0	0.0	0.0	0.0	0.0	0.0	3.371	0.0	0.0	1.706	0.0	0.0	0.0	0.0	0.0
Bacteria;Bacteroidota;Bacteroidia;Bacteroidales;Prevotellaceae	family				0.205	0.0	0.0	0.0	0.021	0.0	0.0	0.0	0.0	0.055	0.014	0.215	0.0	0.014	0.0	0.0	0.0	0.0	0.0	0.0	0.121	0.0	0.025	0.0	0.008	0.0	0.0	0.03	0.0	0.0	0.363	0.256	0.0	0.0	0.051	0.0	18.33	0.0	24.231	0.255	0.0	0.0	0.0	0.0	0.0	0.0	0.0	0.0	0.0	0.0	0.0	0.028	0.0	0.0	0.06	0.0	0.0	0.0	0.019	0.013	0.011	0.0	0.0	0.0	0.0	0.049	0.0	0.503	0.0	0.0	0.0	0.015	0.012	0.0	0.01	0.0
Bacteria;Bacillota;Bacilli;Lactobacillales;Enterococcaceae	family				0.0	0.0	0.0	0.0	0.0	0.0	0.0	0.0	0.0	0.0	0.0	0.0	0.0	0.0	0.0	0.0	0.0	0.0	0.0	0.963	0.0	0.0	0.0	0.0	0.0	0.0	0.0	0.0	0.0	0.0	0.0	0.0	0.0	0.0	0.0	0.139	0.0	0.0	0.0	0.0	0.0	0.0	0.0	0.0	0.0	0.0	0.0	0.0	0.0	0.0	0.0	0.0	0.0	0.0	0.0	0.0	0.0	0.0	0.0	0.0	0.0	0.0	0.0	0.0	0.0	0.0	0.0	0.0	0.0	0.0	0.0	0.0	0.0	0.0	0.0	0.0
Bacteria;Bacillota;Bacilli;Lactobacillales;Lactobacillaceae	family				87.941	99.155	2.664	99.682	99.605	99.851	99.53	99.977	97.704	99.521	97.168	97.108	96.336	98.319	99.251	99.818	98.952	99.031	93.763	43.827	98.813	99.906	99.797	98.478	94.552	99.965	99.828	93.819	99.531	99.305	2.839	91.009	94.717	98.537	99.54	92.386	69.501	98.645	45.176	91.682	99.914	99.645	98.859	98.708	99.484	99.744	61.359	97.693	99.888	99.409	99.726	99.773	84.923	93.857	97.958	98.729	99.655	96.832	63.671	99.974	92.292	98.656	96.674	99.659	88.341	96.702	99.92	89.016	99.985	96.573	0.907	99.85	99.685	98.498	99.471	98.289
Bacteria;Bacillota;Bacilli;Lactobacillales;Streptococcaceae	family				0.005	0.013	0.029	0.035	0.005	0.0	0.193	0.023	0.023	0.0	0.0	0.0	0.0	0.028	0.012	0.0	0.013	0.0	0.058	0.35	0.0	0.055	0.013	0.289	0.016	0.0	0.0	1.523	0.049	0.0	0.0	0.0	0.064	0.0	0.026	7.024	0.713	0.264	1.182	0.0	0.0	0.059	0.124	0.0	0.048	0.0	0.0	0.0	0.0	0.0	0.0	0.0	0.0	0.0	0.084	0.045	0.034	0.0	0.0	0.0	0.011	0.0	2.765	0.0	0.008	0.0	0.0	0.0	0.015	1.447	0.036	0.105	0.279	0.02	0.376	0.0
Bacteria;Bacillota;Clostridia;Eubacteriales;Lachnospiraceae	family				0.0	0.0	0.0	0.0	0.005	0.0	0.0	0.0	0.0	0.0	0.0	0.0	0.0	0.0	0.0	0.0	0.0	0.0	0.0	0.788	0.048	0.0	0.0	0.0	0.0	0.0	0.0	0.0	0.0	0.0	0.021	0.028	0.0	0.0	0.0	0.451	1.171	0.0	0.0	0.0	0.0	0.0	0.037	0.0	0.0	0.0	6.014	0.0	0.0	0.0	0.0	0.0	0.0	0.0	0.084	0.0	0.0	0.0	4.541	0.0	0.0	0.028	0.13	0.0	0.0	0.0	0.0	0.012	0.0	0.0	61.883	0.0	0.0	0.0	0.0	0.0
Bacteria;Bacillota;Clostridia;Eubacteriales;Peptostreptococcaceae	family				0.031	0.0	0.0	0.0	0.0	0.0	0.0	0.0	0.0	0.0	0.0	0.084	0.0	0.014	0.0	0.0	0.0	0.0	0.0	0.0	0.0	0.0	0.0	0.013	0.0	0.0	0.0	0.0	0.0	0.0	0.0	0.0	0.0	0.0	0.0	0.0	0.0	0.0	2.331	0.012	0.0	0.0	0.0	0.0	0.0	0.0	0.0	0.0	0.0	0.0	0.0	0.0	0.0	0.0	0.0	0.0	0.0	0.0	0.0	0.0	0.0	0.0	0.022	0.0	0.0	0.0	0.0	0.809	0.0	0.0	0.0	0.0	0.0	0.0	0.0	0.0
Bacteria;Bacillota;Negativicutes;Veillonellales;Veillonellaceae	family				0.42	0.0	16.942	0.0	0.0	0.0	0.0	0.0	0.0	0.0	0.0	0.036	0.0	0.028	0.0	0.0	0.0	0.0	0.0	0.013	0.0	0.016	0.0	0.0	0.0	0.0	0.0	0.0	0.0	0.0	11.23	0.038	0.021	0.0	0.0	0.0	1.697	0.0	6.458	0.049	0.0	0.0	0.0	0.0	0.016	0.0	12.832	0.0	0.012	0.035	0.0	0.0	0.0	0.0	1.397	0.0	0.0	0.0	26.369	0.0	0.0	0.346	0.022	0.0	0.0	0.0	0.0	0.086	0.0	0.0	7.571	0.0	0.0	0.0	0.0	0.0
Bacteria;Bacillota;Clostridia;Eubacteriales;Peptoniphilaceae	family				2.711	0.0	0.304	0.0	0.037	0.0	0.0	0.0	0.0	0.0	0.0	0.538	0.11	0.0	0.0	0.0	0.0	0.0	0.0	0.0	0.0	0.0	0.0	0.0	0.0	0.0	0.0	0.0	0.0	0.0	0.0	0.028	0.0	0.0	0.0	0.0	0.0	0.0	7.737	1.601	0.0	0.0	0.0	0.0	0.0	0.0	0.0	0.0	0.0	0.0	0.0	0.0	0.17	0.0	0.012	0.0	0.0	0.021	0.019	0.0	0.0	0.0	0.0	0.0	0.0	0.0	0.0	0.38	0.0	0.0	0.0	0.0	0.0	0.0	0.0	0.0
Bacteria;Fusobacteriota;Fusobacteriia;Fusobacteriales;Fusobacteriaceae	family				1.845	0.0	0.0	0.0	0.0	0.0	0.0	0.0	0.0	0.0	0.0	0.0	0.0	0.0	0.0	0.0	0.0	0.0	0.0	0.0	0.0	0.0	0.0	0.0	0.0	0.0	0.0	0.0	0.0	0.0	0.021	0.123	0.0	0.0	0.0	0.0	0.0	0.0	0.0	0.012	0.0	0.0	0.0	0.0	0.0	0.0	0.0	0.0	0.0	0.0	0.0	0.0	0.0	0.0	0.0	0.0	0.0	0.0	0.076	0.0	0.0	0.0	0.0	0.0	0.0	0.0	0.0	0.0	0.0	0.0	0.018	0.0	0.0	0.0	0.0	0.0
Bacteria;Fusobacteriota;Fusobacteriia;Fusobacteriales;Leptotrichiaceae	family				0.005	0.0	3.301	0.0	0.0	0.0	0.0	0.0	0.0	0.0	0.0	0.0	0.0	0.0	0.0	0.0	0.0	0.0	0.0	0.0	0.0	0.0	0.0	0.0	0.0	0.0	0.0	0.0	0.0	0.0	23.911	0.0	0.0	0.0	0.0	0.0	0.0	0.0	0.0	0.0	0.0	0.0	0.0	0.0	0.0	0.0	0.0	0.044	0.0	0.0	0.0	0.0	0.0	0.0	0.0	0.0	0.0	0.0	0.0	0.0	0.0	0.0	0.0	0.0	0.0	0.0	0.0	0.392	0.0	0.0	0.494	0.0	0.0	0.0	0.0	0.0
Bacteria;Pseudomonadota;Alphaproteobacteria;Sphingomonadales;Sphingomonadaceae	family				0.0	0.0	0.0	0.012	0.0	0.0	0.0	0.0	0.0	0.0	0.0	0.0	0.0	0.042	0.074	0.0	0.0	0.024	0.0	0.0	0.0	0.0	0.0	0.0	0.0	0.0	0.0	0.0	0.0	0.0	0.0	0.0	0.0	0.0	0.0	0.0	0.0	0.0	0.0	0.0	0.0	0.0	0.037	0.0	0.0	0.0	0.0	0.0	0.0	0.0	0.0	0.0	0.0	0.0	0.0	0.0	0.0	0.0	0.0	0.0	0.0	0.0	0.0	0.0	0.008	0.0	0.0	0.0	0.0	0.0	0.0	0.0	0.0	0.0	0.0	0.0
Bacteria;Pseudomonadota;Betaproteobacteria;Burkholderiales;Alcaligenaceae	family				0.0	0.0	0.0	0.0	0.0	0.0	0.0	0.0	0.0	0.0	0.069	0.0	0.0	0.0	0.0	0.0	0.0	0.0	0.015	0.0	0.0	0.0	0.076	0.0	0.376	0.0	0.0	0.0	0.008	0.0	0.0	0.0	0.0	0.0	0.0	0.0	0.0	0.0	0.0	0.0	0.0	0.0	0.0	0.0	0.0	0.0	0.0	0.015	0.0	0.0	0.02	0.0	0.024	0.0	0.0	0.0	0.0	0.0	0.0	0.0	0.099	0.0	0.0	0.0	0.0	0.0	0.0	0.0	0.0	0.0	0.0	0.0	0.0	0.0	0.0	0.0
Bacteria;Pseudomonadota;Epsilonproteobacteria;Campylobacterales;Campylobacteraceae	family				0.313	0.0	0.0	0.0	0.011	0.019	0.0	0.0	0.0	0.0	0.0	0.275	0.0	0.0	0.0	0.0	0.0	0.012	0.0	0.0	0.0	0.0	0.0	0.0	0.0	0.0	0.0	0.0	0.0	0.0	0.0	0.142	0.0	0.0	0.0	0.0	0.0	0.0	0.0	1.504	0.0	0.0	0.0	0.0	0.0	0.0	0.0	0.0	0.0	0.012	0.0	0.0	0.089	0.0	0.0	0.0	0.0	0.0	0.0	0.0	0.066	0.0	0.0	0.0	0.0	0.0	0.0	0.0	0.0	0.0	0.0	0.0	0.0	0.0	0.0	0.0
Bacteria;Pseudomonadota;Gammaproteobacteria;Pseudomonadales;Pseudomonadaceae	family				0.0	0.0	0.0	0.0	0.0	0.0	0.074	0.0	0.0	0.083	0.497	0.0	0.372	0.21	0.282	0.065	0.243	0.071	1.291	0.0	0.048	0.0	0.0	0.0	0.0	0.0	0.0	0.149	0.0	0.0	0.0	0.0	0.0	0.0	0.0	0.0	0.0	0.0	0.0	0.0	0.0	0.103	0.0	0.028	0.0	0.0	0.0	0.0	0.0	0.116	0.0	0.042	0.0	0.0	0.0	0.0	0.0	0.0	0.0	0.0	0.088	0.0	0.022	0.0	0.174	0.0	0.0	0.159	0.0	0.0	0.0	0.0	0.0	0.0	0.0	0.0
Bacteria;Synergistota;Synergistia;Synergistales;Dethiosulfovibrionaceae	family				0.323	0.0	0.0	0.0	0.0	0.0	0.0	0.0	0.0	0.0	0.0	0.0	0.0	0.0	0.0	0.0	0.064	0.0	0.0	0.0	0.0	0.0	0.0	0.0	0.0	0.0	0.0	0.0	0.0	0.0	0.0	0.0	0.0	0.0	0.0	0.0	0.0	0.0	0.0	0.0	0.0	0.0	0.0	0.0	0.0	0.0	0.0	0.0	0.0	0.0	0.0	0.0	0.0	0.0	0.0	0.0	0.0	0.0	0.0	0.0	0.362	0.0	0.0	0.0	0.0	0.0	0.0	0.0	0.0	0.0	0.0	0.0	0.0	0.0	0.0	0.0
Bacteria;Actinomycetota;Actinomycetes;Actinomycetales;Actinomycetaceae;Mobiluncus	genus				0.005	0.0	0.0	0.0	0.0	0.0	0.0	0.0	0.0	0.0	0.0	0.012	0.0	0.0	0.0	0.0	0.0	0.012	0.0	0.0	0.0	0.0	0.0	0.0	0.0	0.0	0.0	0.0	0.0	0.0	11.251	0.0	0.0	0.0	0.0	0.0	0.0	0.0	0.0	0.0	0.0	0.0	0.0	0.0	0.0	0.0	0.0	0.0	0.0	0.0	0.0	0.0	0.0	0.0	0.0	0.0	0.0	0.0	0.0	0.0	0.022	0.0	0.0	0.0	0.0	0.0	0.0	0.0	0.0	0.0	0.009	0.0	0.0	0.0	0.0	0.0
Bacteria;Actinomycetota;Actinomycetes;Bifidobacteriales;Bifidobacteriaceae;Gardnerella	genus				0.0	0.0	0.232	0.0	0.0	0.0	0.0	0.0	0.0	0.0	0.0	0.0	0.0	0.0	0.0	0.0	0.0	0.0	0.0	0.063	0.0	0.0	0.0	0.0	0.008	0.0	0.0	0.0	0.0	0.0	0.192	0.522	0.0	0.0	0.0	0.0	0.0	0.0	0.874	0.0	0.0	0.0	0.0	0.0	0.0	0.0	0.0	0.015	0.0	0.0	0.0	0.0	0.0	0.0	0.0	0.0	0.0	0.0	3.835	0.0	0.0	0.0	0.0	0.0	0.19	0.0	0.0	0.025	0.0	0.0	0.0	0.0	0.0	0.0	0.0	0.0
Bacteria;Actinomycetota;Coriobacteriia;Coriobacteriales;Atopobiaceae;Lancefieldella	genus				0.0	0.0	0.0	0.0	0.0	0.0	0.0	0.0	0.0	0.0	0.0	0.0	0.0	0.0	0.0	0.0	0.0	0.0	0.0	0.0	0.0	0.0	0.0	0.0	0.0	0.0	0.0	0.0	0.0	0.0	0.0	0.0	0.0	0.0	0.0	0.0	0.764	0.0	0.0	0.0	0.0	0.0	0.0	0.0	0.0	0.0	0.0	0.0	0.0	0.0	0.0	0.0	0.0	0.0	0.0	0.0	0.0	0.021	0.038	0.0	0.0	0.0	0.0	0.0	0.0	0.0	0.0	0.0	0.0	0.0	0.0	0.0	0.0	0.0	0.0	0.0
Bacteria;Actinomycetota;Coriobacteriia;Coriobacteriales;Atopobiaceae;Fannyhessea	genus				0.0	0.0	16.102	0.0	0.0	0.0	0.0	0.0	0.0	0.0	0.0	0.0	0.0	0.0	0.0	0.0	0.0	0.0	0.0	45.016	0.0	0.0	0.0	0.0	0.0	0.0	0.0	0.0	0.0	0.0	2.071	1.584	0.0	0.0	0.0	0.0	0.0	0.0	0.0	0.0	0.0	0.0	0.0	0.0	0.0	0.0	0.0	0.0	0.0	0.0	0.0	0.0	0.0	0.0	0.0	0.0	0.0	0.0	0.0	0.0	0.0	0.0	0.0	0.0	0.0	0.0	0.0	3.371	0.0	0.0	1.706	0.0	0.0	0.0	0.0	0.0
Bacteria;Bacteroidota;Bacteroidia;Bacteroidales;Prevotellaceae;Prevotella	genus				0.015	0.0	0.0	0.0	0.016	0.0	0.0	0.0	0.0	0.055	0.014	0.179	0.0	0.014	0.0	0.0	0.0	0.0	0.0	0.0	0.121	0.0	0.025	0.0	0.008	0.0	0.0	0.03	0.0	0.0	0.32	0.247	0.0	0.0	0.051	0.0	18.33	0.0	24.231	0.206	0.0	0.0	0.0	0.0	0.0	0.0	0.0	0.0	0.0	0.0	0.0	0.0	0.0	0.0	0.036	0.0	0.0	0.0	0.0	0.013	0.0	0.0	0.0	0.0	0.0	0.049	0.0	0.49	0.0	0.0	0.0	0.015	0.012	0.0	0.0	0.0
Bacteria;Bacteroidota;Bacteroidia;Bacteroidales;Prevotellaceae;Hoylesella	genus				0.19	0.0	0.0	0.0	0.005	0.0	0.0	0.0	0.0	0.0	0.0	0.036	0.0	0.0	0.0	0.0	0.0	0.0	0.0	0.0	0.0	0.0	0.0	0.0	0.0	0.0	0.0	0.0	0.0	0.0	0.043	0.009	0.0	0.0	0.0	0.0	0.0	0.0	0.0	0.049	0.0	0.0	0.0	0.0	0.0	0.0	0.0	0.0	0.0	0.0	0.0	0.028	0.0	0.0	0.024	0.0	0.0	0.0	0.019	0.0	0.011	0.0	0.0	0.0	0.0	0.0	0.0	0.012	0.0	0.0	0.0	0.0	0.0	0.0	0.01	0.0
Bacteria;Bacillota;Bacilli;Lactobacillales;Enterococcaceae;Enterococcus	genus				0.0	0.0	0.0	0.0	0.0	0.0	0.0	0.0	0.0	0.0	0.0	0.0	0.0	0.0	0.0	0.0	0.0	0.0	0.0	0.963	0.0	0.0	0.0	0.0	0.0	0.0	0.0	0.0	0.0	0.0	0.0	0.0	0.0	0.0	0.0	0.139	0.0	0.0	0.0	0.0	0.0	0.0	0.0	0.0	0.0	0.0	0.0	0.0	0.0	0.0	0.0	0.0	0.0	0.0	0.0	0.0	0.0	0.0	0.0	0.0	0.0	0.0	0.0	0.0	0.0	0.0	0.0	0.0	0.0	0.0	0.0	0.0	0.0	0.0	0.0	0.0
Bacteria;Bacillota;Bacilli;Lactobacillales;Lactobacillaceae;Lactobacillus	genus				87.521	98.805	2.664	97.953	99.605	99.795	99.466	99.977	97.198	98.241	97.168	95.352	95.606	98.319	99.226	99.156	98.888	98.89	93.661	42.977	98.813	99.906	99.39	96.479	94.026	99.965	99.281	93.819	99.474	98.339	2.839	90.089	89.966	97.376	99.54	92.386	68.355	98.645	44.464	89.354	99.914	99.498	97.866	98.652	98.663	99.704	55.53	97.693	99.888	99.409	99.491	99.773	83.355	93.563	93.446	98.639	99.644	95.93	47.415	99.974	91.26	93.268	96.35	99.146	88.341	96.118	99.92	88.697	99.865	96.497	0.907	99.549	99.515	97.114	98.851	98.266
Bacteria;Bacillota;Bacilli;Lactobacillales;Lactobacillaceae;Limosilactobacillus	genus				0.42	0.35	0.0	1.73	0.0	0.056	0.064	0.0	0.505	1.28	0.0	1.756	0.73	0.0	0.025	0.663	0.064	0.142	0.102	0.851	0.0	0.0	0.407	1.999	0.525	0.0	0.546	0.0	0.057	0.966	0.0	0.92	4.751	1.161	0.0	0.0	1.146	0.0	0.712	2.328	0.0	0.148	0.992	0.056	0.822	0.04	5.829	0.0	0.0	0.0	0.235	0.0	1.568	0.294	4.513	0.091	0.011	0.902	16.256	0.0	1.032	5.389	0.324	0.512	0.0	0.583	0.0	0.319	0.12	0.076	0.0	0.301	0.17	1.384	0.62	0.023
Bacteria;Bacillota;Bacilli;Lactobacillales;Streptococcaceae;Streptococcus	genus				0.005	0.013	0.029	0.035	0.005	0.0	0.193	0.023	0.023	0.0	0.0	0.0	0.0	0.028	0.012	0.0	0.013	0.0	0.058	0.35	0.0	0.055	0.013	0.289	0.016	0.0	0.0	1.523	0.049	0.0	0.0	0.0	0.064	0.0	0.026	7.024	0.713	0.264	1.182	0.0	0.0	0.059	0.124	0.0	0.048	0.0	0.0	0.0	0.0	0.0	0.0	0.0	0.0	0.0	0.084	0.045	0.034	0.0	0.0	0.0	0.011	0.0	2.765	0.0	0.008	0.0	0.0	0.0	0.015	1.447	0.036	0.105	0.279	0.02	0.376	0.0
Bacteria;Bacillota;Clostridia;Eubacteriales;Lachnospiraceae;Lachnospiraceae [G7]	genus				0.0	0.0	0.0	0.0	0.005	0.0	0.0	0.0	0.0	0.0	0.0	0.0	0.0	0.0	0.0	0.0	0.0	0.0	0.0	0.788	0.048	0.0	0.0	0.0	0.0	0.0	0.0	0.0	0.0	0.0	0.021	0.028	0.0	0.0	0.0	0.451	1.171	0.0	0.0	0.0	0.0	0.0	0.037	0.0	0.0	0.0	6.014	0.0	0.0	0.0	0.0	0.0	0.0	0.0	0.084	0.0	0.0	0.0	4.541	0.0	0.0	0.028	0.13	0.0	0.0	0.0	0.0	0.012	0.0	0.0	0.0	0.0	0.0	0.0	0.0	0.0
Bacteria;Bacillota;Clostridia;Eubacteriales;Lachnospiraceae;Lachnospiraceae [G9]	genus				0.0	0.0	0.0	0.0	0.0	0.0	0.0	0.0	0.0	0.0	0.0	0.0	0.0	0.0	0.0	0.0	0.0	0.0	0.0	0.0	0.0	0.0	0.0	0.0	0.0	0.0	0.0	0.0	0.0	0.0	0.0	0.0	0.0	0.0	0.0	0.0	0.0	0.0	0.0	0.0	0.0	0.0	0.0	0.0	0.0	0.0	0.0	0.0	0.0	0.0	0.0	0.0	0.0	0.0	0.0	0.0	0.0	0.0	0.0	0.0	0.0	0.0	0.0	0.0	0.0	0.0	0.0	0.0	0.0	0.0	61.883	0.0	0.0	0.0	0.0	0.0
Bacteria;Bacillota;Clostridia;Eubacteriales;Peptostreptococcaceae;Peptostreptococcus	genus				0.031	0.0	0.0	0.0	0.0	0.0	0.0	0.0	0.0	0.0	0.0	0.084	0.0	0.014	0.0	0.0	0.0	0.0	0.0	0.0	0.0	0.0	0.0	0.013	0.0	0.0	0.0	0.0	0.0	0.0	0.0	0.0	0.0	0.0	0.0	0.0	0.0	0.0	2.331	0.012	0.0	0.0	0.0	0.0	0.0	0.0	0.0	0.0	0.0	0.0	0.0	0.0	0.0	0.0	0.0	0.0	0.0	0.0	0.0	0.0	0.0	0.0	0.022	0.0	0.0	0.0	0.0	0.809	0.0	0.0	0.0	0.0	0.0	0.0	0.0	0.0
Bacteria;Bacillota;Negativicutes;Veillonellales;Veillonellaceae;Dialister	genus				0.395	0.0	1.52	0.0	0.0	0.0	0.0	0.0	0.0	0.0	0.0	0.036	0.0	0.028	0.0	0.0	0.0	0.0	0.0	0.013	0.0	0.016	0.0	0.0	0.0	0.0	0.0	0.0	0.0	0.0	0.384	0.038	0.021	0.0	0.0	0.0	1.697	0.0	6.458	0.049	0.0	0.0	0.0	0.0	0.016	0.0	12.832	0.0	0.0	0.035	0.0	0.0	0.0	0.0	1.397	0.0	0.0	0.0	26.369	0.0	0.0	0.346	0.022	0.0	0.0	0.0	0.0	0.086	0.0	0.0	0.144	0.0	0.0	0.0	0.0	0.0
Bacteria;Bacillota;Negativicutes;Veillonellales;Veillonellaceae;Megasphaera	genus				0.026	0.0	15.421	0.0	0.0	0.0	0.0	0.0	0.0	0.0	0.0	0.0	0.0	0.0	0.0	0.0	0.0	0.0	0.0	0.0	0.0	0.0	0.0	0.0	0.0	0.0	0.0	0.0	0.0	0.0	10.845	0.0	0.0	0.0	0.0	0.0	0.0	0.0	0.0	0.0	0.0	0.0	0.0	0.0	0.0	0.0	0.0	0.0	0.012	0.0	0.0	0.0	0.0	0.0	0.0	0.0	0.0	0.0	0.0	0.0	0.0	0.0	0.0	0.0	0.0	0.0	0.0	0.0	0.0	0.0	7.428	0.0	0.0	0.0	0.0	0.0
Bacteria;Bacillota;Clostridia;Eubacteriales;Peptoniphilaceae;Anaerococcus	genus				0.0	0.0	0.304	0.0	0.0	0.0	0.0	0.0	0.0	0.0	0.0	0.502	0.014	0.0	0.0	0.0	0.0	0.0	0.0	0.0	0.0	0.0	0.0	0.0	0.0	0.0	0.0	0.0	0.0	0.0	0.0	0.0	0.0	0.0	0.0	0.0	0.0	0.0	7.737	0.57	0.0	0.0	0.0	0.0	0.0	0.0	0.0	0.0	0.0	0.0	0.0	0.0	0.0	0.0	0.012	0.0	0.0	0.0	0.0	0.0	0.0	0.0	0.0	0.0	0.0	0.0	0.0	0.38	0.0	0.0	0.0	0.0	0.0	0.0	0.0	0.0
Bacteria;Bacillota;Clostridia;Eubacteriales;Peptoniphilaceae;Peptoniphilaceae [G3]	genus				2.711	0.0	0.0	0.0	0.037	0.0	0.0	0.0	0.0	0.0	0.0	0.036	0.096	0.0	0.0	0.0	0.0	0.0	0.0	0.0	0.0	0.0	0.0	0.0	0.0	0.0	0.0	0.0	0.0	0.0	0.0	0.028	0.0	0.0	0.0	0.0	0.0	0.0	0.0	1.031	0.0	0.0	0.0	0.0	0.0	0.0	0.0	0.0	0.0	0.0	0.0	0.0	0.17	0.0	0.0	0.0	0.0	0.021	0.019	0.0	0.0	0.0	0.0	0.0	0.0	0.0	0.0	0.0	0.0	0.0	0.0	0.0	0.0	0.0	0.0	0.0
Bacteria;Fusobacteriota;Fusobacteriia;Fusobacteriales;Fusobacteriaceae;Fusobacterium	genus				1.845	0.0	0.0	0.0	0.0	0.0	0.0	0.0	0.0	0.0	0.0	0.0	0.0	0.0	0.0	0.0	0.0	0.0	0.0	0.0	0.0	0.0	0.0	0.0	0.0	0.0	0.0	0.0	0.0	0.0	0.021	0.123	0.0	0.0	0.0	0.0	0.0	0.0	0.0	0.012	0.0	0.0	0.0	0.0	0.0	0.0	0.0	0.0	0.0	0.0	0.0	0.0	0.0	0.0	0.0	0.0	0.0	0.0	0.076	0.0	0.0	0.0	0.0	0.0	0.0	0.0	0.0	0.0	0.0	0.0	0.018	0.0	0.0	0.0	0.0	0.0
Bacteria;Fusobacteriota;Fusobacteriia;Fusobacteriales;Leptotrichiaceae;Sneathia	genus				0.005	0.0	3.301	0.0	0.0	0.0	0.0	0.0	0.0	0.0	0.0	0.0	0.0	0.0	0.0	0.0	0.0	0.0	0.0	0.0	0.0	0.0	0.0	0.0	0.0	0.0	0.0	0.0	0.0	0.0	23.911	0.0	0.0	0.0	0.0	0.0	0.0	0.0	0.0	0.0	0.0	0.0	0.0	0.0	0.0	0.0	0.0	0.044	0.0	0.0	0.0	0.0	0.0	0.0	0.0	0.0	0.0	0.0	0.0	0.0	0.0	0.0	0.0	0.0	0.0	0.0	0.0	0.392	0.0	0.0	0.494	0.0	0.0	0.0	0.0	0.0
Bacteria;Pseudomonadota;Alphaproteobacteria;Sphingomonadales;Sphingomonadaceae;Sphingomonas	genus				0.0	0.0	0.0	0.012	0.0	0.0	0.0	0.0	0.0	0.0	0.0	0.0	0.0	0.042	0.074	0.0	0.0	0.024	0.0	0.0	0.0	0.0	0.0	0.0	0.0	0.0	0.0	0.0	0.0	0.0	0.0	0.0	0.0	0.0	0.0	0.0	0.0	0.0	0.0	0.0	0.0	0.0	0.037	0.0	0.0	0.0	0.0	0.0	0.0	0.0	0.0	0.0	0.0	0.0	0.0	0.0	0.0	0.0	0.0	0.0	0.0	0.0	0.0	0.0	0.008	0.0	0.0	0.0	0.0	0.0	0.0	0.0	0.0	0.0	0.0	0.0
Bacteria;Pseudomonadota;Betaproteobacteria;Burkholderiales;Alcaligenaceae;Achromobacter	genus				0.0	0.0	0.0	0.0	0.0	0.0	0.0	0.0	0.0	0.0	0.069	0.0	0.0	0.0	0.0	0.0	0.0	0.0	0.015	0.0	0.0	0.0	0.076	0.0	0.376	0.0	0.0	0.0	0.008	0.0	0.0	0.0	0.0	0.0	0.0	0.0	0.0	0.0	0.0	0.0	0.0	0.0	0.0	0.0	0.0	0.0	0.0	0.015	0.0	0.0	0.02	0.0	0.024	0.0	0.0	0.0	0.0	0.0	0.0	0.0	0.099	0.0	0.0	0.0	0.0	0.0	0.0	0.0	0.0	0.0	0.0	0.0	0.0	0.0	0.0	0.0
Bacteria;Pseudomonadota;Epsilonproteobacteria;Campylobacterales;Campylobacteraceae;Campylobacter	genus				0.313	0.0	0.0	0.0	0.011	0.019	0.0	0.0	0.0	0.0	0.0	0.275	0.0	0.0	0.0	0.0	0.0	0.012	0.0	0.0	0.0	0.0	0.0	0.0	0.0	0.0	0.0	0.0	0.0	0.0	0.0	0.142	0.0	0.0	0.0	0.0	0.0	0.0	0.0	1.504	0.0	0.0	0.0	0.0	0.0	0.0	0.0	0.0	0.0	0.012	0.0	0.0	0.089	0.0	0.0	0.0	0.0	0.0	0.0	0.0	0.066	0.0	0.0	0.0	0.0	0.0	0.0	0.0	0.0	0.0	0.0	0.0	0.0	0.0	0.0	0.0
Bacteria;Pseudomonadota;Gammaproteobacteria;Pseudomonadales;Pseudomonadaceae;Pseudomonas	genus				0.0	0.0	0.0	0.0	0.0	0.0	0.074	0.0	0.0	0.083	0.497	0.0	0.372	0.21	0.282	0.065	0.243	0.071	1.291	0.0	0.048	0.0	0.0	0.0	0.0	0.0	0.0	0.149	0.0	0.0	0.0	0.0	0.0	0.0	0.0	0.0	0.0	0.0	0.0	0.0	0.0	0.103	0.0	0.028	0.0	0.0	0.0	0.0	0.0	0.116	0.0	0.042	0.0	0.0	0.0	0.0	0.0	0.0	0.0	0.0	0.088	0.0	0.022	0.0	0.174	0.0	0.0	0.159	0.0	0.0	0.0	0.0	0.0	0.0	0.0	0.0
Bacteria;Synergistota;Synergistia;Synergistales;Dethiosulfovibrionaceae;Jonquetella	genus				0.323	0.0	0.0	0.0	0.0	0.0	0.0	0.0	0.0	0.0	0.0	0.0	0.0	0.0	0.0	0.0	0.064	0.0	0.0	0.0	0.0	0.0	0.0	0.0	0.0	0.0	0.0	0.0	0.0	0.0	0.0	0.0	0.0	0.0	0.0	0.0	0.0	0.0	0.0	0.0	0.0	0.0	0.0	0.0	0.0	0.0	0.0	0.0	0.0	0.0	0.0	0.0	0.0	0.0	0.0	0.0	0.0	0.0	0.0	0.0	0.362	0.0	0.0	0.0	0.0	0.0	0.0	0.0	0.0	0.0	0.0	0.0	0.0	0.0	0.0	0.0
Bacteria;Actinomycetota;Actinomycetes;Actinomycetales;Actinomycetaceae;Mobiluncus;mulieris	species	830	2979		0.005	0.0	0.0	0.0	0.0	0.0	0.0	0.0	0.0	0.0	0.0	0.012	0.0	0.0	0.0	0.0	0.0	0.012	0.0	0.0	0.0	0.0	0.0	0.0	0.0	0.0	0.0	0.0	0.0	0.0	11.251	0.0	0.0	0.0	0.0	0.0	0.0	0.0	0.0	0.0	0.0	0.0	0.0	0.0	0.0	0.0	0.0	0.0	0.0	0.0	0.0	0.0	0.0	0.0	0.0	0.0	0.0	0.0	0.0	0.0	0.022	0.0	0.0	0.0	0.0	0.0	0.0	0.0	0.0	0.0	0.009	0.0	0.0	0.0	0.0	0.0
Bacteria;Actinomycetota;Actinomycetes;Bifidobacteriales;Bifidobacteriaceae;Gardnerella;vaginalis	species	829	2978		0.0	0.0	0.232	0.0	0.0	0.0	0.0	0.0	0.0	0.0	0.0	0.0	0.0	0.0	0.0	0.0	0.0	0.0	0.0	0.063	0.0	0.0	0.0	0.0	0.008	0.0	0.0	0.0	0.0	0.0	0.192	0.522	0.0	0.0	0.0	0.0	0.0	0.0	0.874	0.0	0.0	0.0	0.0	0.0	0.0	0.0	0.0	0.015	0.0	0.0	0.0	0.0	0.0	0.0	0.0	0.0	0.0	0.0	3.835	0.0	0.0	0.0	0.0	0.0	0.19	0.0	0.0	0.025	0.0	0.0	0.0	0.0	0.0	0.0	0.0	0.0
Bacteria;Actinomycetota;Coriobacteriia;Coriobacteriales;Atopobiaceae;Lancefieldella;parvula	species	723	2901		0.0	0.0	0.0	0.0	0.0	0.0	0.0	0.0	0.0	0.0	0.0	0.0	0.0	0.0	0.0	0.0	0.0	0.0	0.0	0.0	0.0	0.0	0.0	0.0	0.0	0.0	0.0	0.0	0.0	0.0	0.0	0.0	0.0	0.0	0.0	0.0	0.764	0.0	0.0	0.0	0.0	0.0	0.0	0.0	0.0	0.0	0.0	0.0	0.0	0.0	0.0	0.0	0.0	0.0	0.0	0.0	0.0	0.021	0.038	0.0	0.0	0.0	0.0	0.0	0.0	0.0	0.0	0.0	0.0	0.0	0.0	0.0	0.0	0.0	0.0	0.0
Bacteria;Actinomycetota;Coriobacteriia;Coriobacteriales;Atopobiaceae;Fannyhessea;vaginae	species	814	2963		0.0	0.0	16.102	0.0	0.0	0.0	0.0	0.0	0.0	0.0	0.0	0.0	0.0	0.0	0.0	0.0	0.0	0.0	0.0	45.016	0.0	0.0	0.0	0.0	0.0	0.0	0.0	0.0	0.0	0.0	2.071	1.584	0.0	0.0	0.0	0.0	0.0	0.0	0.0	0.0	0.0	0.0	0.0	0.0	0.0	0.0	0.0	0.0	0.0	0.0	0.0	0.0	0.0	0.0	0.0	0.0	0.0	0.0	0.0	0.0	0.0	0.0	0.0	0.0	0.0	0.0	0.0	3.371	0.0	0.0	1.706	0.0	0.0	0.0	0.0	0.0
Bacteria;Bacteroidota;Bacteroidia;Bacteroidales;Prevotellaceae;Prevotella;bivia	species	556	2775		0.015	0.0	0.0	0.0	0.016	0.0	0.0	0.0	0.0	0.055	0.014	0.179	0.0	0.014	0.0	0.0	0.0	0.0	0.0	0.0	0.121	0.0	0.025	0.0	0.008	0.0	0.0	0.03	0.0	0.0	0.32	0.247	0.0	0.0	0.051	0.0	0.059	0.0	24.231	0.206	0.0	0.0	0.0	0.0	0.0	0.0	0.0	0.0	0.0	0.0	0.0	0.0	0.0	0.0	0.036	0.0	0.0	0.0	0.0	0.013	0.0	0.0	0.0	0.0	0.0	0.049	0.0	0.49	0.0	0.0	0.0	0.015	0.012	0.0	0.0	0.0
Bacteria;Bacteroidota;Bacteroidia;Bacteroidales;Prevotellaceae;Hoylesella;buccalis	species	562	2781		0.19	0.0	0.0	0.0	0.005	0.0	0.0	0.0	0.0	0.0	0.0	0.036	0.0	0.0	0.0	0.0	0.0	0.0	0.0	0.0	0.0	0.0	0.0	0.0	0.0	0.0	0.0	0.0	0.0	0.0	0.043	0.009	0.0	0.0	0.0	0.0	0.0	0.0	0.0	0.049	0.0	0.0	0.0	0.0	0.0	0.0	0.0	0.0	0.0	0.0	0.0	0.028	0.0	0.0	0.024	0.0	0.0	0.0	0.019	0.0	0.011	0.0	0.0	0.0	0.0	0.0	0.0	0.012	0.0	0.0	0.0	0.0	0.0	0.0	0.01	0.0
Bacteria;Bacteroidota;Bacteroidia;Bacteroidales;Prevotellaceae;Prevotella;denticola	species	291	2571		0.0	0.0	0.0	0.0	0.0	0.0	0.0	0.0	0.0	0.0	0.0	0.0	0.0	0.0	0.0	0.0	0.0	0.0	0.0	0.0	0.0	0.0	0.0	0.0	0.0	0.0	0.0	0.0	0.0	0.0	0.0	0.0	0.0	0.0	0.0	0.0	18.271	0.0	0.0	0.0	0.0	0.0	0.0	0.0	0.0	0.0	0.0	0.0	0.0	0.0	0.0	0.0	0.0	0.0	0.0	0.0	0.0	0.0	0.0	0.0	0.0	0.0	0.0	0.0	0.0	0.0	0.0	0.0	0.0	0.0	0.0	0.0	0.0	0.0	0.0	0.0
Bacteria;Bacillota;Bacilli;Lactobacillales;Enterococcaceae;Enterococcus;faecalis	species	604	2814		0.0	0.0	0.0	0.0	0.0	0.0	0.0	0.0	0.0	0.0	0.0	0.0	0.0	0.0	0.0	0.0	0.0	0.0	0.0	0.963	0.0	0.0	0.0	0.0	0.0	0.0	0.0	0.0	0.0	0.0	0.0	0.0	0.0	0.0	0.0	0.139	0.0	0.0	0.0	0.0	0.0	0.0	0.0	0.0	0.0	0.0	0.0	0.0	0.0	0.0	0.0	0.0	0.0	0.0	0.0	0.0	0.0	0.0	0.0	0.0	0.0	0.0	0.0	0.0	0.0	0.0	0.0	0.0	0.0	0.0	0.0	0.0	0.0	0.0	0.0	0.0
Bacteria;Bacillota;Bacilli;Lactobacillales;Lactobacillaceae;Lactobacillus;crispatus	species	817	2966		83.666	98.748	0.0	0.129	95.601	0.037	0.046	99.79	97.129	0.0	92.65	92.843	0.0	0.0	99.153	97.779	97.584	98.878	0.0	17.786	97.966	0.016	51.956	24.748	0.008	0.0	98.994	0.0	98.544	0.0	0.0	0.0	0.0	79.949	0.0	0.0	0.0	0.0	0.0	45.192	99.863	99.187	0.261	98.375	87.627	99.582	0.0	0.0	0.435	0.0	97.281	0.0	0.0	50.147	82.677	90.985	99.529	95.93	0.019	0.0	0.0	87.117	0.0	99.146	38.705	0.006	95.757	29.03	98.107	0.008	0.0	97.64	99.115	97.114	96.797	97.78
Bacteria;Bacillota;Bacilli;Lactobacillales;Lactobacillaceae;Lactobacillus;gasseri	species	615	2824		0.005	0.0	0.0	0.094	0.0	0.0	0.0	0.0	0.011	98.213	0.0	0.191	3.512	0.028	0.0	0.0	0.0	0.0	0.131	25.191	0.17	0.008	47.396	0.402	94.003	0.0	0.0	0.0	0.0	0.0	0.0	0.294	1.896	0.0	0.0	0.017	68.355	0.0	20.783	0.061	0.0	0.0	0.0	0.0	0.048	0.0	55.53	87.579	0.0	0.0	0.0	99.773	14.503	0.0	1.624	0.0	0.0	0.0	47.396	99.974	0.0	1.358	0.0	0.0	0.008	1.106	0.0	8.655	0.0	11.272	0.0	0.0	0.4	0.0	0.0	0.0
Bacteria;Bacillota;Bacilli;Lactobacillales;Lactobacillaceae;Lactobacillus;iners	species	838	2987		2.511	0.057	2.664	97.176	0.0	46.898	0.018	0.0	0.011	0.028	0.014	1.816	80.771	75.469	0.025	0.0	1.304	0.0	93.531	0.0	0.024	0.008	0.025	61.368	0.008	99.965	0.287	93.819	0.0	60.541	2.818	0.0	65.935	0.0	99.54	0.0	0.0	98.645	0.0	40.742	0.051	0.03	96.229	0.0	9.538	0.067	0.0	0.0	99.453	73.028	0.01	0.0	65.441	41.125	0.0	3.585	0.115	0.0	0.0	0.0	0.033	0.0	83.283	0.0	49.628	51.234	0.0	48.008	0.045	85.216	0.907	0.015	0.0	0.0	0.0	0.0
Bacteria;Bacillota;Bacilli;Lactobacillales;Lactobacillaceae;Lactobacillus;jensenii	species	839	2988		1.338	0.0	0.0	0.553	4.004	52.86	99.402	0.187	0.046	0.0	4.504	0.502	11.322	22.822	0.049	1.377	0.0	0.012	0.0	0.0	0.654	99.875	0.013	9.96	0.008	0.0	0.0	0.0	0.93	37.798	0.021	89.795	22.135	17.427	0.0	92.369	0.0	0.0	23.681	3.359	0.0	0.281	1.377	0.278	1.45	0.054	0.0	10.114	0.0	26.381	2.2	0.0	3.411	2.291	9.145	4.069	0.0	0.0	0.0	0.0	91.227	4.793	13.067	0.0	0.0	43.772	4.163	3.004	1.712	0.0	0.0	1.894	0.0	0.0	2.054	0.486
Bacteria;Bacillota;Bacilli;Lactobacillales;Lactobacillaceae;Limosilactobacillus;coleohominis	species	816	2965		0.0	0.0	0.0	0.0	0.0	0.0	0.0	0.0	0.0	0.0	0.0	0.024	0.0	0.0	0.0	0.364	0.064	0.0	0.0	0.0	0.0	0.0	0.0	0.0	0.0	0.0	0.546	0.0	0.0	0.0	0.0	0.0	1.108	0.7	0.0	0.0	0.0	0.0	0.194	0.218	0.0	0.0	0.0	0.056	0.451	0.0	0.0	0.0	0.0	0.0	0.0	0.0	0.0	0.0	2.245	0.045	0.011	0.0	0.0	0.0	0.0	2.064	0.0	0.053	0.0	0.0	0.0	0.0	0.0	0.0	0.0	0.0	0.0	0.0	0.071	0.023
Bacteria;Bacillota;Bacilli;Lactobacillales;Lactobacillaceae;Limosilactobacillus;fermentum	species	608	2818		0.0	0.0	0.0	0.0	0.0	0.056	0.0	0.0	0.0	0.0	0.0	0.0	0.0	0.0	0.0	0.0	0.0	0.0	0.0	0.0	0.0	0.0	0.0	0.0	0.525	0.0	0.0	0.0	0.0	0.0	0.0	0.0	0.0	0.0	0.0	0.0	1.146	0.0	0.0	0.0	0.0	0.0	0.0	0.0	0.0	0.0	0.0	0.0	0.0	0.0	0.0	0.0	0.0	0.0	0.0	0.0	0.0	0.0	0.0	0.0	0.0	0.0	0.324	0.0	0.0	0.0	0.0	0.0	0.0	0.0	0.0	0.0	0.0	0.0	0.0	0.0
Bacteria;Bacillota;Bacilli;Lactobacillales;Lactobacillaceae;Limosilactobacillus;vaginalis	species	051	2341		0.42	0.35	0.0	1.73	0.0	0.0	0.064	0.0	0.505	1.28	0.0	1.733	0.73	0.0	0.025	0.299	0.0	0.142	0.102	0.851	0.0	0.0	0.407	1.987	0.0	0.0	0.0	0.0	0.057	0.966	0.0	0.92	3.643	0.461	0.0	0.0	0.0	0.0	0.518	2.11	0.0	0.148	0.98	0.0	0.371	0.04	0.021	0.0	0.0	0.0	0.235	0.0	1.568	0.294	2.268	0.045	0.0	0.902	0.0	0.0	1.032	3.325	0.0	0.46	0.0	0.583	0.0	0.319	0.12	0.076	0.0	0.301	0.17	1.384	0.549	0.0
Bacteria;Bacillota;Bacilli;Lactobacillales;Streptococcaceae;Streptococcus;agalactiae	species	537	2759		0.0	0.0	0.0	0.0	0.0	0.0	0.175	0.0	0.0	0.0	0.0	0.0	0.0	0.0	0.0	0.0	0.0	0.0	0.058	0.0	0.0	0.0	0.0	0.0	0.0	0.0	0.0	0.567	0.0	0.0	0.0	0.0	0.021	0.0	0.0	7.024	0.713	0.0	1.165	0.0	0.0	0.0	0.0	0.0	0.0	0.0	0.0	0.0	0.0	0.0	0.0	0.0	0.0	0.0	0.012	0.0	0.0	0.0	0.0	0.0	0.0	0.0	0.043	0.0	0.0	0.0	0.0	0.0	0.0	0.0	0.0	0.0	0.0	0.0	0.112	0.0
Bacteria;Bacillota;Bacilli;Lactobacillales;Streptococcaceae;Streptococcus;salivarius	species	755	2926		0.0	0.006	0.029	0.024	0.005	0.0	0.0	0.0	0.011	0.0	0.0	0.0	0.0	0.014	0.0	0.0	0.013	0.0	0.0	0.0	0.0	0.055	0.0	0.289	0.016	0.0	0.0	0.0	0.0	0.0	0.0	0.0	0.043	0.0	0.026	0.0	0.0	0.264	0.0	0.0	0.0	0.0	0.099	0.0	0.048	0.0	0.0	0.0	0.0	0.0	0.0	0.0	0.0	0.0	0.036	0.0	0.034	0.0	0.0	0.0	0.011	0.0	0.0	0.0	0.0	0.0	0.0	0.0	0.0	1.447	0.018	0.105	0.279	0.02	0.244	0.0
Bacteria;Bacillota;Bacilli;Lactobacillales;Streptococcaceae;Streptococcus;vestibularis	species	021	2312		0.005	0.006	0.0	0.012	0.0	0.0	0.018	0.023	0.011	0.0	0.0	0.0	0.0	0.014	0.012	0.0	0.0	0.0	0.0	0.35	0.0	0.0	0.013	0.0	0.0	0.0	0.0	0.956	0.049	0.0	0.0	0.0	0.0	0.0	0.0	0.0	0.0	0.0	0.016	0.0	0.0	0.059	0.025	0.0	0.0	0.0	0.0	0.0	0.0	0.0	0.0	0.0	0.0	0.0	0.036	0.045	0.0	0.0	0.0	0.0	0.0	0.0	2.721	0.0	0.008	0.0	0.0	0.0	0.015	0.0	0.018	0.0	0.0	0.0	0.02	0.0
Bacteria;Bacillota;Clostridia;Eubacteriales;Lachnospiraceae;Lachnospiraceae [G7];bacterium HMT-086	species	086	2375		0.0	0.0	0.0	0.0	0.005	0.0	0.0	0.0	0.0	0.0	0.0	0.0	0.0	0.0	0.0	0.0	0.0	0.0	0.0	0.013	0.048	0.0	0.0	0.0	0.0	0.0	0.0	0.0	0.0	0.0	0.021	0.028	0.0	0.0	0.0	0.451	1.171	0.0	0.0	0.0	0.0	0.0	0.0	0.0	0.0	0.0	6.014	0.0	0.0	0.0	0.0	0.0	0.0	0.0	0.084	0.0	0.0	0.0	4.541	0.0	0.0	0.028	0.13	0.0	0.0	0.0	0.0	0.012	0.0	0.0	0.0	0.0	0.0	0.0	0.0	0.0
Bacteria;Bacillota;Clostridia;Eubacteriales;Lachnospiraceae;Lachnospiraceae [G7];bacterium HMT-163	species	163	2446		0.0	0.0	0.0	0.0	0.0	0.0	0.0	0.0	0.0	0.0	0.0	0.0	0.0	0.0	0.0	0.0	0.0	0.0	0.0	0.775	0.0	0.0	0.0	0.0	0.0	0.0	0.0	0.0	0.0	0.0	0.0	0.0	0.0	0.0	0.0	0.0	0.0	0.0	0.0	0.0	0.0	0.0	0.037	0.0	0.0	0.0	0.0	0.0	0.0	0.0	0.0	0.0	0.0	0.0	0.0	0.0	0.0	0.0	0.0	0.0	0.0	0.0	0.0	0.0	0.0	0.0	0.0	0.0	0.0	0.0	0.0	0.0	0.0	0.0	0.0	0.0
Bacteria;Bacillota;Clostridia;Eubacteriales;Lachnospiraceae;Lachnospiraceae [G9];bacterium HMT-924	species	924	3069		0.0	0.0	0.0	0.0	0.0	0.0	0.0	0.0	0.0	0.0	0.0	0.0	0.0	0.0	0.0	0.0	0.0	0.0	0.0	0.0	0.0	0.0	0.0	0.0	0.0	0.0	0.0	0.0	0.0	0.0	0.0	0.0	0.0	0.0	0.0	0.0	0.0	0.0	0.0	0.0	0.0	0.0	0.0	0.0	0.0	0.0	0.0	0.0	0.0	0.0	0.0	0.0	0.0	0.0	0.0	0.0	0.0	0.0	0.0	0.0	0.0	0.0	0.0	0.0	0.0	0.0	0.0	0.0	0.0	0.0	61.883	0.0	0.0	0.0	0.0	0.0
Bacteria;Bacillota;Clostridia;Eubacteriales;Peptostreptococcaceae;Peptostreptococcus;anaerobius	species	542	2764		0.031	0.0	0.0	0.0	0.0	0.0	0.0	0.0	0.0	0.0	0.0	0.084	0.0	0.014	0.0	0.0	0.0	0.0	0.0	0.0	0.0	0.0	0.0	0.013	0.0	0.0	0.0	0.0	0.0	0.0	0.0	0.0	0.0	0.0	0.0	0.0	0.0	0.0	2.331	0.012	0.0	0.0	0.0	0.0	0.0	0.0	0.0	0.0	0.0	0.0	0.0	0.0	0.0	0.0	0.0	0.0	0.0	0.0	0.0	0.0	0.0	0.0	0.022	0.0	0.0	0.0	0.0	0.809	0.0	0.0	0.0	0.0	0.0	0.0	0.0	0.0
Bacteria;Bacillota;Negativicutes;Veillonellales;Veillonellaceae;Dialister;micraerophilus	species	843	2992		0.395	0.0	1.52	0.0	0.0	0.0	0.0	0.0	0.0	0.0	0.0	0.036	0.0	0.028	0.0	0.0	0.0	0.0	0.0	0.013	0.0	0.016	0.0	0.0	0.0	0.0	0.0	0.0	0.0	0.0	0.384	0.038	0.021	0.0	0.0	0.0	1.697	0.0	6.458	0.049	0.0	0.0	0.0	0.0	0.016	0.0	12.832	0.0	0.0	0.035	0.0	0.0	0.0	0.0	1.397	0.0	0.0	0.0	26.369	0.0	0.0	0.346	0.022	0.0	0.0	0.0	0.0	0.086	0.0	0.0	0.144	0.0	0.0	0.0	0.0	0.0
Bacteria;Bacillota;Negativicutes;Veillonellales;Veillonellaceae;Megasphaera;sp. HMT-841	species	841	2990		0.026	0.0	15.421	0.0	0.0	0.0	0.0	0.0	0.0	0.0	0.0	0.0	0.0	0.0	0.0	0.0	0.0	0.0	0.0	0.0	0.0	0.0	0.0	0.0	0.0	0.0	0.0	0.0	0.0	0.0	10.845	0.0	0.0	0.0	0.0	0.0	0.0	0.0	0.0	0.0	0.0	0.0	0.0	0.0	0.0	0.0	0.0	0.0	0.012	0.0	0.0	0.0	0.0	0.0	0.0	0.0	0.0	0.0	0.0	0.0	0.0	0.0	0.0	0.0	0.0	0.0	0.0	0.0	0.0	0.0	7.428	0.0	0.0	0.0	0.0	0.0
Bacteria;Bacillota;Clostridia;Eubacteriales;Peptoniphilaceae;Anaerococcus;tetradius	species	788	2946		0.0	0.0	0.304	0.0	0.0	0.0	0.0	0.0	0.0	0.0	0.0	0.502	0.014	0.0	0.0	0.0	0.0	0.0	0.0	0.0	0.0	0.0	0.0	0.0	0.0	0.0	0.0	0.0	0.0	0.0	0.0	0.0	0.0	0.0	0.0	0.0	0.0	0.0	7.737	0.57	0.0	0.0	0.0	0.0	0.0	0.0	0.0	0.0	0.0	0.0	0.0	0.0	0.0	0.0	0.012	0.0	0.0	0.0	0.0	0.0	0.0	0.0	0.0	0.0	0.0	0.0	0.0	0.38	0.0	0.0	0.0	0.0	0.0	0.0	0.0	0.0
Bacteria;Bacillota;Clostridia;Eubacteriales;Peptoniphilaceae;Peptoniphilaceae [G3];bacterium HMT-929	species	929	3072		2.711	0.0	0.0	0.0	0.037	0.0	0.0	0.0	0.0	0.0	0.0	0.036	0.096	0.0	0.0	0.0	0.0	0.0	0.0	0.0	0.0	0.0	0.0	0.0	0.0	0.0	0.0	0.0	0.0	0.0	0.0	0.028	0.0	0.0	0.0	0.0	0.0	0.0	0.0	1.031	0.0	0.0	0.0	0.0	0.0	0.0	0.0	0.0	0.0	0.0	0.0	0.0	0.17	0.0	0.0	0.0	0.0	0.021	0.019	0.0	0.0	0.0	0.0	0.0	0.0	0.0	0.0	0.0	0.0	0.0	0.0	0.0	0.0	0.0	0.0	0.0
Bacteria;Fusobacteriota;Fusobacteriia;Fusobacteriales;Fusobacteriaceae;Fusobacterium;animalis	species	420	2681		1.845	0.0	0.0	0.0	0.0	0.0	0.0	0.0	0.0	0.0	0.0	0.0	0.0	0.0	0.0	0.0	0.0	0.0	0.0	0.0	0.0	0.0	0.0	0.0	0.0	0.0	0.0	0.0	0.0	0.0	0.021	0.123	0.0	0.0	0.0	0.0	0.0	0.0	0.0	0.012	0.0	0.0	0.0	0.0	0.0	0.0	0.0	0.0	0.0	0.0	0.0	0.0	0.0	0.0	0.0	0.0	0.0	0.0	0.076	0.0	0.0	0.0	0.0	0.0	0.0	0.0	0.0	0.0	0.0	0.0	0.018	0.0	0.0	0.0	0.0	0.0
Bacteria;Fusobacteriota;Fusobacteriia;Fusobacteriales;Leptotrichiaceae;Sneathia;sanguinegens	species	837	2986		0.005	0.0	1.825	0.0	0.0	0.0	0.0	0.0	0.0	0.0	0.0	0.0	0.0	0.0	0.0	0.0	0.0	0.0	0.0	0.0	0.0	0.0	0.0	0.0	0.0	0.0	0.0	0.0	0.0	0.0	0.0	0.0	0.0	0.0	0.0	0.0	0.0	0.0	0.0	0.0	0.0	0.0	0.0	0.0	0.0	0.0	0.0	0.044	0.0	0.0	0.0	0.0	0.0	0.0	0.0	0.0	0.0	0.0	0.0	0.0	0.0	0.0	0.0	0.0	0.0	0.0	0.0	0.392	0.0	0.0	0.198	0.0	0.0	0.0	0.0	0.0
Bacteria;Fusobacteriota;Fusobacteriia;Fusobacteriales;Leptotrichiaceae;Sneathia;vaginalis	species	844	2993		0.0	0.0	1.477	0.0	0.0	0.0	0.0	0.0	0.0	0.0	0.0	0.0	0.0	0.0	0.0	0.0	0.0	0.0	0.0	0.0	0.0	0.0	0.0	0.0	0.0	0.0	0.0	0.0	0.0	0.0	23.911	0.0	0.0	0.0	0.0	0.0	0.0	0.0	0.0	0.0	0.0	0.0	0.0	0.0	0.0	0.0	0.0	0.0	0.0	0.0	0.0	0.0	0.0	0.0	0.0	0.0	0.0	0.0	0.0	0.0	0.0	0.0	0.0	0.0	0.0	0.0	0.0	0.0	0.0	0.0	0.296	0.0	0.0	0.0	0.0	0.0
Bacteria;Pseudomonadota;Alphaproteobacteria;Sphingomonadales;Sphingomonadaceae;Sphingomonas;sp. HMT-004	species	004	2295		0.0	0.0	0.0	0.012	0.0	0.0	0.0	0.0	0.0	0.0	0.0	0.0	0.0	0.042	0.074	0.0	0.0	0.024	0.0	0.0	0.0	0.0	0.0	0.0	0.0	0.0	0.0	0.0	0.0	0.0	0.0	0.0	0.0	0.0	0.0	0.0	0.0	0.0	0.0	0.0	0.0	0.0	0.037	0.0	0.0	0.0	0.0	0.0	0.0	0.0	0.0	0.0	0.0	0.0	0.0	0.0	0.0	0.0	0.0	0.0	0.0	0.0	0.0	0.0	0.008	0.0	0.0	0.0	0.0	0.0	0.0	0.0	0.0	0.0	0.0	0.0
Bacteria;Pseudomonadota;Betaproteobacteria;Burkholderiales;Alcaligenaceae;Achromobacter;xylosoxidans	species	343	2623		0.0	0.0	0.0	0.0	0.0	0.0	0.0	0.0	0.0	0.0	0.069	0.0	0.0	0.0	0.0	0.0	0.0	0.0	0.015	0.0	0.0	0.0	0.076	0.0	0.376	0.0	0.0	0.0	0.008	0.0	0.0	0.0	0.0	0.0	0.0	0.0	0.0	0.0	0.0	0.0	0.0	0.0	0.0	0.0	0.0	0.0	0.0	0.015	0.0	0.0	0.02	0.0	0.024	0.0	0.0	0.0	0.0	0.0	0.0	0.0	0.099	0.0	0.0	0.0	0.0	0.0	0.0	0.0	0.0	0.0	0.0	0.0	0.0	0.0	0.0	0.0
Bacteria;Pseudomonadota;Epsilonproteobacteria;Campylobacterales;Campylobacteraceae;Campylobacter;ureolyticus	species	842	3129		0.313	0.0	0.0	0.0	0.011	0.019	0.0	0.0	0.0	0.0	0.0	0.275	0.0	0.0	0.0	0.0	0.0	0.012	0.0	0.0	0.0	0.0	0.0	0.0	0.0	0.0	0.0	0.0	0.0	0.0	0.0	0.142	0.0	0.0	0.0	0.0	0.0	0.0	0.0	1.504	0.0	0.0	0.0	0.0	0.0	0.0	0.0	0.0	0.0	0.012	0.0	0.0	0.089	0.0	0.0	0.0	0.0	0.0	0.0	0.0	0.066	0.0	0.0	0.0	0.0	0.0	0.0	0.0	0.0	0.0	0.0	0.0	0.0	0.0	0.0	0.0
Bacteria;Pseudomonadota;Gammaproteobacteria;Pseudomonadales;Pseudomonadaceae;Pseudomonas;fluorescens	species	612	2821		0.0	0.0	0.0	0.0	0.0	0.0	0.074	0.0	0.0	0.083	0.497	0.0	0.372	0.21	0.282	0.065	0.243	0.071	1.291	0.0	0.048	0.0	0.0	0.0	0.0	0.0	0.0	0.149	0.0	0.0	0.0	0.0	0.0	0.0	0.0	0.0	0.0	0.0	0.0	0.0	0.0	0.103	0.0	0.028	0.0	0.0	0.0	0.0	0.0	0.116	0.0	0.042	0.0	0.0	0.0	0.0	0.0	0.0	0.0	0.0	0.088	0.0	0.022	0.0	0.174	0.0	0.0	0.159	0.0	0.0	0.0	0.0	0.0	0.0	0.0	0.0
Bacteria;Synergistota;Synergistia;Synergistales;Dethiosulfovibrionaceae;Jonquetella;anthropi	species	777	2939		0.323	0.0	0.0	0.0	0.0	0.0	0.0	0.0	0.0	0.0	0.0	0.0	0.0	0.0	0.0	0.0	0.064	0.0	0.0	0.0	0.0	0.0	0.0	0.0	0.0	0.0	0.0	0.0	0.0	0.0	0.0	0.0	0.0	0.0	0.0	0.0	0.0	0.0	0.0	0.0	0.0	0.0	0.0	0.0	0.0	0.0	0.0	0.0	0.0	0.0	0.0	0.0	0.0	0.0	0.0	0.0	0.0	0.0	0.0	0.0	0.362	0.0	0.0	0.0	0.0	0.0	0.0	0.0	0.0	0.0	0.0	0.0	0.0	0.0	0.0	0.0
Bacteria;Bacillota;Bacilli;Lactobacillales;Lactobacillaceae;Limosilactobacillus;reuteri;clade-818	subspecies	818	2967	Neither HMT-818 nor HMT-938 were present singularly so these reads were split evenly at this site (PFO).	0.0	0.0	0.0	0.0	0.0	0.0	0.0	0.0	0.0	0.0	0.0	0.0	0.0	0.0	0.0	0.0	0.0	0.0	0.0	0.0	0.0	0.0	0.0	0.006	0.0	0.0	0.0	0.0	0.0	0.0	0.0	0.0	0.0	0.0	0.0	0.0	0.0	0.0	0.0	0.0	0.0	0.0	0.006	0.0	0.0	0.0	2.904	0.0	0.0	0.0	0.0	0.0	0.0	0.0	0.0	0.0	0.0	0.0	8.128	0.0	0.0	0.0	0.0	0.0	0.0	0.0	0.0	0.0	0.0	0.0	0.0	0.0	0.0	0.0	0.0	0.0
Bacteria;Bacillota;Bacilli;Lactobacillales;Lactobacillaceae;Limosilactobacillus;reuteri;clade-938	subspecies	938	3081	Neither HMT-818 nor HMT-938 were present singularly so these reads were split evenly at this site (PFO).	0.0	0.0	0.0	0.0	0.0	0.0	0.0	0.0	0.0	0.0	0.0	0.0	0.0	0.0	0.0	0.0	0.0	0.0	0.0	0.0	0.0	0.0	0.0	0.006	0.0	0.0	0.0	0.0	0.0	0.0	0.0	0.0	0.0	0.0	0.0	0.0	0.0	0.0	0.0	0.0	0.0	0.0	0.006	0.0	0.0	0.0	2.904	0.0	0.0	0.0	0.0	0.0	0.0	0.0	0.0	0.0	0.0	0.0	8.128	0.0	0.0	0.0	0.0	0.0	0.0	0.0	0.0	0.0	0.0	0.0	0.0	0.0	0.0	0.0	0.0	0.0
UNMATCHED	UNMATCHED				6.196	0.832	60.426	0.271	0.316	0.13	0.203	0.0	2.274	0.341	2.252	1.733	3.182	1.345	0.381	0.117	0.729	0.85	4.874	8.981	0.969	0.023	0.089	1.22	5.041	0.035	0.172	4.479	0.413	0.695	48.1	6.269	5.198	1.463	0.384	0.0	7.824	1.091	12.01	4.887	0.086	0.192	0.943	1.264	0.451	0.256	19.794	2.233	0.099	0.428	0.254	0.156	14.794	6.143	0.406	1.225	0.31	3.126	1.431	0.013	7.049	0.97	0.367	0.341	11.279	3.249	0.08	5.247	0.0	1.98	27.376	0.03	0.024	1.483	0.142	1.711
