HOT-ID	Notes	S700013596-STO	S700014956-STO	S700015250-STO	S700015407-STO	S700015876-STO	S700015923-STO	S700015981-STO	S700016012-STO	S700016021-STO	S700016029-STO	S700016142-STO	S700016214-STO	S700016470-STO	S700016564-STO	S700016610-STO	S700016716-STO	S700016765-STO	S700016921-STO	S700016961-STO	S700021824-STO	S700021876-STO	S700021934-STO	S700023023-STO	S700023096-STO	S700023226-STO	S700023267-STO	S700023313-STO	S700023477-STO	S700023539-STO	S700023578-STO	S700023633-STO	S700023654-STO	S700023788-STO	S700023845-STO	S700023902-STO	S700023936-STO	S700023987-STO	S700024044-STO	S700024107-STO	S700024173-STO	S700024233-STO	S700024254-STO	S700024318-STO	S700024379-STO	S700024437-STO	S700024470-STO	S700024509-STO	S700024566-STO	S700024615-STO	S700024673-STO	S700024711-STO	S700024752-STO	S700024809-STO	S700024866-STO	S700024930-STO	S700024998-STO	S700032087-STO	S700032133-STO	S700032244-STO	S700032414-STO	S700032944-STO	S700033153-STO	S700033202-STO	S700033382-STO	S700033435-STO	S700033438-STO	S700033503-STO	S700033665-STO	S700033749-STO	S700033797-STO	S700033941-STO	S700033989-STO	S700034100-STO	S700034188-STO	S700034254-STO	S700034641-STO	S700034794-STO	S700034857-STO	S700034926-STO	S700035176-STO	S700035256-STO	S700035321-STO	S700035392-STO	S700035400-STO	S700035533-STO	S700035594-STO	S700035657-STO	S700035747-STO	S700035804-STO	S700035861-STO	S700035953-STO	S700037026-STO	S700037074-STO	S700037122-STO	S700037179-STO	S700037200-STO	S700037284-STO	S700037341-STO	S700037389-STO	S700037437-STO	S700037484-STO	S700037560-STO	S700037738-STO	S700037852-STO	S700038005-STO	S700038053-STO	S700038158-STO	S700038263-STO	S700038322-STO	S700038386-STO	S700038414-STO	S700038472-STO	S700038520-STO	S700038578-STO	S700038740-STO	S700038761-STO	S700038902-STO	S700038950-STO	S700038978-STO	S700095235-STO	S700095372-STO	S700095429-STO	S700095486-STO	S700095543-STO	S700095669-STO	S700095736-STO	S700095850-STO	S700096380-STO	S700097196-STO	S700097253-STO	S700097313-STO	S700097650-STO	S700097710-STO	S700097859-STO	S700098381-STO	S700098954-STO	S700099021-STO	S700099081-STO	S700099609-STO	S700099765-STO	S700099822-STO	S700099908-STO	S700100041-STO	S700100249-STO	S700100312-STO	S700100432-STO	S700100490-STO	S700100559-STO	S700100619-STO	S700101095-STO	S700101153-STO	S700101243-STO	S700101309-STO	S700101366-STO	S700101534-STO	S700101600-STO	S700101657-STO	S700101859-STO	S700101916-STO	S700102261-STO	S700102375-STO	S700102432-STO	S700102607-STO	S700102867-STO	S700102924-STO	S700103328-STO	S700103478-STO	S700103575-STO	S700103653-STO	S700103710-STO	S700105001-STO	S700105087-STO	S700105124-STO	S700105181-STO	S700105238-STO	S700105334-STO	S700105372-STO	S700105459-STO	S700105496-STO	S700105612-STO	S700105632-STO	S700105723-STO	S700105822-STO	S700105856-STO	S700105904-STO	S700106056-STO	S700106093-STO	S700106170-STO	S700106259-STO	S700106350-STO	S700106465-STO	S700106542-STO	S700106579-STO	S700106647-STO	S700106695-STO	S700106723-STO	S700106784-STO	S700106837-STO	S700106914-STO	S700106930-STO	S700106978-STO	S700107011-STO	S700107059-STO	S700107397-STO	S700107508-STO	S700107565-STO	S700107778-STO	S700107892-STO	S700107949-STO	S700108117-STO	S700108180-STO	S700108240-STO	S700108552-STO	S700108618-STO	S700108858-STO	S700108915-STO	S700109192-STO	S700109525-STO	S700109582-STO	S700109643-STO	S700109943-STO	S700110111-STO	S700111178-STO	S700111244-STO	S700111318-STO	S700111461-STO	S700111767-STO	S700112004-STO	S700112065-STO	S700112395-STO	S700112509-STO	S700112774-STO	S700113035-STO	S700113093-STO	S700113213-STO	S700113541-STO	S700113562-STO	S700113616-STO	S700113789-STO	S700113840-STO	S700113897-STO	S700113954-STO	S700113999-STO	S700114017-STO	S700114125-STO	S700114179-STO	S700114246-STO	S700114287-STO	S700114419-STO	S700114480-STO	S700114517-STO	S700114596-STO	S700114653-STO	S700114701-STO	S700114749-STO	S700114767-STO	S700114872-STO	S700114977-STO	S700116045-STO	S700116096-STO	S700116180-STO	S700116201-STO	S700116275-STO	S700116326-STO	S700116390-STO	S700116431-STO	S700116468-STO	S700116522-STO	S700116600-STO	S700116641-STO	S700116698-STO	S700116762-STO	S700116810-STO	S700116828-STO	S700116888-STO	S700116947-STO	S700117000-STO	S700117058-STO	S700117086-STO	S700117173-STO	S700117214-STO	S700117625-STO	S700117682-STO	S700117755-STO	S700117796-STO	S700117860-STO	S700117938-STO	S700117992-STO	S700119064-STO	S700119184-STO	S700119326-STO	S700119584-STO	S700119758-STO	S700119818-STO	S700119883-STO	S700120009-STO	S700121012-STO	S700121321-STO	S700121661-STO	S700121985-STO	S700122366-STO	S700123584-STO	S700161040-STO	S700161097-STO	S700161131-STO	S700161202-STO	S700161293-STO	S700161532-STO	S700161598-STO	S700161649-STO	S700161742-STO	S700161856-STO	S700161904-STO	S700161945-STO	S700163030-STO	S700163201-STO	S700163258-STO	S700163370-STO	S700163475-STO	S700163553-STO	S700163574-STO	S700163628-STO	S700163699-STO	S700163774-STO	S700163831-STO	S700163888-STO	S700163981-STO	S700164143-STO	S700164191-STO	S700164212-STO	S700164269-STO	S700164339-STO	S700164371-STO	S700164449-STO	S700164467-STO	S700164538-STO	S700164611-STO	S700164642-STO	S700164686-STO	S700164773-STO	S700164830-STO	S700164995-STO	S700165052-STO	S700165148-STO	S700165205-STO	S700165280-STO	S700165376-STO	S700165424-STO	S700165475-STO	S700165586-STO	S700165634-STO	S700165682-STO	S700165778-STO	S700165826-STO	S700165913-STO	S700166047-STO	S700166605-STO	S700166797-STO	S700167847-STO	S700171018-STO	S700171066-STO	S700171114-STO	S700171135-STO	S700171228-STO	S700171246-STO	S700171324-STO	S700171342-STO	S700171390-STO	S700171441-STO	S700171525-STO	S700171573-STO	S700171594-STO	S700171648-STO	S700171696-STO	S700171747-STO	S700171840-STO	S700171897-STO	S700171954-STO	S700171975-STO	S700172068-STO	S700172221-STO	S700172242-STO	S700172299-STO	S700172376-STO	S700172410-STO	S700172518-STO	S700172572-STO	S700172659-STO	S700172764-STO	S700172782-STO	S700172833-STO	S700172992-STO	S700173040-STO	S700173118-STO	S700173139-STO	S700173193-STO	S700173241-STO	S700173397-STO	S700173482-STO	S700173500-STO	S700173578-STO	S700173596-STO	S700173647-STO	S700173878-STO	S700173953-STO	S700175067-STO	S700175142-STO	S700175209-STO	S700175257-STO	S700175325-STO	S700175353-STO
HMT-588		0.0	0.0	0.0	4.495311638168781	0.09900990099009901	0.02668801708033093	0.0	0.0	0.0	0.0	0.0	0.5312241766025263	0.0	0.0	0.0	0.0	0.0	0.0	0.0	0.0	0.0	0.0	0.0	0.0	0.0	0.0	0.0	0.0	0.0	0.0	0.0	0.0	0.0	0.0	0.0	0.0	0.285143997718848	0.0	0.0	0.0	0.0	0.0	0.0	0.0	0.0	0.0	0.0	0.591715976331361	0.0	0.0	0.0	0.0	0.0	0.0	0.0	0.0	0.0	0.0	0.35661218424962854	0.0	0.036845983787767135	0.02652519893899204	0.0	0.05216484089723526	0.0	0.0	0.0	0.026624068157614485	0.0	0.0	0.03479471120389701	0.0	0.0	0.0	0.0	0.0	0.02710761724044456	0.0	0.0	0.0	0.0	0.0	0.0	0.0	0.0	0.2590673575129534	0.0	0.3810733566211496	0.0	0.0	0.0	0.0	0.0	0.0	0.0	0.4650526603747777	0.0	0.0	0.0	0.0	0.04375410194705754	0.0	0.0	0.0	0.0	0.0	0.0	0.0	0.0	0.24385287543182277	0.0	0.06751282743721307	0.0	0.0	0.0	0.0	0.0	0.0	0.0	0.0	0.0	0.0	0.0	0.0	0.0	0.0	0.0	0.0	0.0	0.03432887058015791	0.0	0.045829514207149404	0.0	0.0	0.0	0.0	0.019308746862328634	0.0	0.0	0.0	0.0	0.0	0.05016302984700275	0.0	0.0	0.0	0.0	0.28556593977154726	0.02707092582566324	0.0	0.043680838672102505	0.0	0.0	0.0	0.0	0.0	0.0	0.0	0.0	0.0	0.0	0.0	0.0	0.0	0.0	0.0	0.0	0.0	0.0	0.0	0.0	0.0	0.0	0.0	0.0	0.0	0.01821161901293025	0.0	0.0	0.0	0.0	0.0	0.0	0.0	0.0	0.0	0.0	0.01849796522382538	0.01529285823520416	0.0	0.0	0.0	0.03918495297805642	0.0	0.0	0.0	0.0	0.0	0.0	0.0	0.0	0.0	0.0	0.009889240506329115	0.0	0.0	0.0	0.0	0.02610966057441253	0.0	0.08153281695882593	0.0	0.0	0.0	0.0	0.0	0.0	0.0	0.0	0.0	0.022668026748271564	0.0	0.0	0.0	0.0	0.0	0.0	0.0	0.2264955367056002	0.04175365344467641	0.0	0.0	0.0	0.0	0.0	0.0	0.0	0.0	0.05387205387205387	0.0	0.0	0.0	0.0	0.0	0.0	0.0	0.0	0.0	0.0	0.0	0.06858710562414265	0.0	0.0	0.0	0.0	0.0	0.0	0.0	0.0	0.0	0.0	0.0	0.0	0.0	0.0	0.0	0.0	0.0	0.0	0.0	0.0	0.0	0.0	0.0	0.0	0.017403411068569442	0.0	0.0	0.08605851979345956	0.05349500713266762	0.0	0.0	0.0	0.0	0.0	0.03543586109142452	0.0	0.0	0.0	0.0	0.0	0.0	0.0	0.054239739649249684	0.0	0.0	0.0	0.0	0.0	0.015248551387618176	0.0	0.07797270955165692	0.0	0.0	0.05815644082582146	0.0	0.0	0.0	0.039824771007566706	0.0	0.0	0.0	0.0	0.0	0.0	0.0	0.0	0.0	0.4914004914004914	0.0	0.3236245954692557	0.0335795836131632	0.0	0.0	0.0	0.0	0.0	0.0	0.0	0.0	0.0	0.0	0.0	0.0	0.0	0.0	0.0	0.0	0.0	0.04221190375685943	0.0	0.0	0.0	0.0	0.0	0.0	0.0	0.0	0.0	0.04856726566294317	0.0	0.0	0.0	0.0	0.0	0.05125576627370579	0.0	0.01812688821752266	0.0	0.0	0.0	0.0	0.0	0.0	0.0	0.0	0.0	0.0	0.0	0.08562458376938446	0.0	0.0170590242238144	0.0	0.0	0.0	0.0	0.0	0.0	0.0	0.0	0.02771234585007621	0.0	0.0	0.0	0.0	0.08254230293025176	0.0	0.0	0.0	0.0	0.0	0.01994813484939158	0.0	0.0	0.0	0.0	0.0	0.0	0.0	0.0	0.0	0.0	0.0	0.017018379850238255	0.0	0.0	0.4699662211778528	0.0	0.0	0.1725625539257981	0.0
HMT-862	Because HMT-889 is not present individually, all equidistant reads were assigned to HMT-862 at this body site (STO).	0.03330557868442965	0.04672460517708626	0.009847365829640572	2.9784886927744068	0.0	0.02668801708033093	0.0	0.0	0.01957138663274293	0.0	0.0	0.14165978042734034	0.031525851197982346	0.0	0.02359325232983367	0.0	0.0	0.05652911249293386	0.0	0.04874482086278333	0.0	0.0	0.0	0.051936810214239335	0.0	0.0	0.055828791705436656	0.0	0.09005403241945167	0.012640626975097966	0.006340752013188764	0.08472182999152782	0.11312217194570137	0.06665185514330149	0.0	0.0	0.0	0.0	0.11157601115760112	0.0	0.4830917874396135	0.0	0.0587026709715292	0.0708842814105972	0.0	0.09974379534920107	0.0	0.2403846153846154	0.0	0.0	0.0	0.0	0.045689917758148034	0.0	0.025575447570332477	0.0	0.0	0.0	4.3090638930163445	0.16773832820799553	0.07369196757553427	0.0	0.0	0.0	0.0	0.04063388866314506	0.0	0.3993610223642172	0.0	0.0	0.0	0.0	0.0	0.0	0.06920415224913494	0.0	0.02710761724044456	3.686274509803922	0.018625442354255912	0.030731407498463426	0.0	0.023781212841854936	0.0	0.0	0.07313505607020966	0.04317789291882556	0.0	0.22229279136233726	0.17016449234259784	0.13077593722755013	0.0	0.06073489219556636	0.03022974607013301	0.1611170784103115	0.0	0.7249350294077418	0.0	0.06936416184971098	0.0	0.0	0.0	0.027457440966501923	0.0	0.12461059190031153	0.0	0.00686106346483705	0.0	0.03225806451612903	0.0	0.2235318024791709	0.0	0.10802052389954091	0.05783318339545046	0.0	0.1111301077107198	0.0	0.0731395136222344	0.0	0.0	0.027367268746579094	0.0	0.0	0.0	0.04677268475210477	0.1644286105782406	0.0	0.0	0.3920287487749101	0.0	0.0	0.056915196357427436	0.022914757103574702	0.019776525264511027	0.028669724770642203	0.0	0.02127659574468085	0.03861749372465727	0.0	0.0	0.0	0.018518518518518517	0.0	0.1254075746175069	0.0	0.0	0.04677268475210477	0.0	0.02596053997923157	0.0	0.0	0.0	0.0	0.0	0.19157088122605362	0.0	0.0	0.0	0.0	0.0	0.0	0.054392167527875984	0.04991265285749938	0.03813882532418002	0.04139643990616807	0.0	0.0	0.010529640939243972	0.0	0.025569997869166847	0.0	0.0	0.0	0.0	0.012156576707999028	0.0	0.0	0.05463485703879075	0.0	0.0	0.0	0.038520801232665644	0.0	0.0	0.0	0.0	0.0	0.0	0.07399186089530152	0.01529285823520416	0.1277003298925189	0.0	0.0	0.03918495297805642	0.0	0.0	0.0	0.07049700387733521	0.0	0.0	0.0	0.0	0.0	0.0	0.009889240506329115	0.0	0.045454545454545456	0.0	0.0	0.0	0.17830609212481427	0.0	0.24605748797673638	0.0	0.0	0.0	0.0	0.018998765080269785	0.0	0.0	0.0	0.0	0.03687995574405311	0.09293680297397769	0.0	0.0	0.0	0.0	0.0	0.07993960119021183	0.0	0.07566204287515763	0.0	0.0	0.0	0.05986032590621882	0.0	0.01644195988161789	0.0	0.0	0.0505902192242833	0.3739016638624042	0.0	0.0	0.0	0.014549687181725592	0.2062564455139223	0.0	0.018717244821562264	0.018102824040550324	0.0	0.06858710562414265	0.0	0.0	0.0	0.0	0.0	0.0	0.0	0.0	0.0	0.0	0.0	0.0	0.0	0.0	0.0	0.0	0.0	0.0	0.0	0.0	0.3815580286168521	0.0	0.0	0.0	0.0	0.0	0.032175032175032175	0.0	0.01783166904422254	0.0	0.0	0.01633453119895459	0.02484472049689441	0.08708272859216255	0.14174344436569808	0.0	0.03579952267303103	0.04937458854509546	0.0	0.0	0.0	0.026946914578280787	0.07231965286566625	0.0	0.014455044810638914	0.0	0.010219724067450179	0.03687315634218289	0.0	0.0	0.23391812865497078	0.0	0.0	0.02907822041291073	0.013531799729364007	0.03618599601954044	0.0	0.07964954201513341	0.0	0.0	0.0	0.08149959250203749	0.0	0.0	0.0	0.0	0.0	0.36855036855036855	0.0	0.16181229773462785	0.05036937541974479	0.0	0.0746268656716418	0.0	0.0	0.0	0.0	0.02791736460078169	0.0	0.0	0.0	0.0	0.0	0.03273322422258593	0.0	0.03546099290780142	0.0	0.0	0.16884761502743773	0.05373455131649651	0.18376097461376165	0.027359781121751026	0.021258503401360544	0.02029632636492795	0.0	0.0	0.0	0.23736859952526282	0.0	0.1773049645390071	0.0	0.0	0.0	0.2563410685375067	0.0	0.0	0.0	0.0	0.0	0.0	0.07232982399742827	0.0	0.0	0.0	0.03196249733645855	2.1838034576888083	0.2215330084182543	0.13027618551328818	0.0570830558462563	0.0	0.0682360968952576	0.0	0.02297090352220521	0.0	0.0	0.053566645835193286	0.0	0.13118440779610197	0.0	0.08313703755022862	0.04132231404958678	0.5675080467558868	0.0	0.0	0.2888980602558811	0.017583963425356074	0.015723270440251572	0.047337278106508875	0.06402048655569782	0.0	0.07979253939756632	0.0	0.0	0.014664906877841324	0.0	0.0	0.0	0.0	0.0	0.0	0.0	0.0	0.017018379850238255	0.0	0.0	0.7343222205903951	0.12208592523690483	0.0	0.23008340523439746	0.49770290964777947
HMT-031		0.0	0.0	0.0	0.0	0.0	0.0	0.0	0.0	0.0	0.0	0.0	0.0	0.0	0.0	0.0	0.0	0.0	0.0	0.0	0.0	0.0	0.0	0.0	0.0	0.0	0.0	0.0	0.0	0.0	0.0	0.0	0.0	0.0	0.0	0.0	0.0	0.0	0.0	0.0	0.0	0.0	0.0	0.0	0.0	0.0	0.0	0.0	0.0	0.0	0.0	0.0	0.0	0.0	0.0	0.0	0.0	0.0	0.0	0.0	0.0	0.0	0.0	0.0	0.0	0.0	0.0	0.0	0.0	0.0	0.0	0.0	0.0	0.0	0.0	0.0	0.0	0.0	0.0	0.0	0.0	0.0	0.0	0.0	0.0	0.0	0.0	0.0	0.0	0.0	0.0	0.0	0.0	0.0	0.0	0.0	0.0	0.0	0.0	0.0	0.0	0.0	0.0	0.0	0.0	0.0	0.0	0.0	0.0	0.0	0.0	0.0	0.0	0.0	0.0	0.0	0.0	0.0	0.0	0.0	0.0	0.0	0.0	0.0	0.0	0.0	0.0	0.0	0.0	0.0	0.0	0.0	0.0	0.0	0.0	0.0	0.0	0.0	0.0	0.0	0.0	0.0	0.0	0.0	0.0	0.0	0.0	0.0	0.0	0.0	0.0	0.0	0.0	0.0	0.0	0.0	0.0	0.0	0.0	0.0	0.0	0.0	0.0	0.0	0.0	0.0	0.0	0.0	0.0	0.0	0.0	0.0	0.0	0.0	0.0	0.0	0.0	0.0	0.0	0.0	0.0	0.0	0.0	0.0	0.0	0.0	0.0	0.0	0.0	0.0	0.0	0.0	0.0	0.0	0.0	0.0	0.0	0.0	0.0	0.0	0.0	0.0	0.0	0.0	0.0	0.0	0.0	0.0	0.0	0.0	0.0	0.0	0.0	0.0	0.0	0.0	0.0	0.0	0.0	0.0	0.0	0.0	0.0	0.0	0.0	0.0	0.0	0.0	0.0	0.0	0.0	0.0	0.0	0.0	0.0	0.0	0.0	0.0	0.0	0.0	0.0	0.0	0.0	0.0	0.0	0.0	0.0	0.0	0.0	0.0	0.0	0.2743484224965706	2.492348054219501	0.0	0.0	0.0	0.0	0.025087108013937286	0.0	0.0	0.0	0.0	0.0	0.0	0.0	0.0	0.0	0.0	0.0	0.0	0.0	0.0	0.0	0.0	0.0	0.0	0.0	0.0	0.0	0.0	0.0	0.0	0.0	0.0	0.0	0.0	0.0	0.0	0.0	0.0	0.0	0.0	0.0	0.0	0.0	0.0	0.0	0.0	0.0	0.0	0.0	0.0	0.0	0.0	0.0	0.0	0.0	0.0	0.0	0.0	0.0	0.0	0.0	0.0	0.0	0.0	0.0	0.0	0.0	0.0	0.0	0.0	0.0	0.0	0.0	0.0	0.0	0.0	0.0	0.0	0.0	0.0	0.0	0.0	0.0	0.0	0.0	0.0	0.0	0.0	0.0	0.0	0.0	0.0	0.0	0.0	0.0	0.0	0.0	0.0	0.0	0.0	0.0	0.0	0.0	0.0	0.0	0.0	0.0	0.0	0.0	0.0	0.0	0.0	0.0	0.0	0.0	0.0	0.0	0.0	0.0	0.0	0.0	0.0	0.0	0.0	0.0	0.0	0.0	0.0	0.0	0.0	0.0	0.0	0.0	0.0	0.0	0.0	0.0	0.0	0.0	0.0	0.0	0.0	0.0	0.0	0.0	0.0	0.0	0.0	0.0	0.0	0.0	0.0	0.0	0.0	0.0	0.0	0.0	0.0	0.0	0.0
HMT-077		0.0	0.0	0.0	0.0	0.0	0.0	0.0	0.0	0.0	0.0	0.014641288433382138	0.0	0.0	0.0	0.011796626164916835	0.0	0.0	0.0	0.0	0.0	0.0	0.0	0.15195002532500423	0.0	0.0	0.0	0.0	0.0	0.0	0.0	0.0	0.0	0.0	0.0	0.0	0.0	0.0	0.0	0.009298000929800094	0.0	0.0	0.0	0.0	0.0354421407052986	0.0	0.0	0.0	0.0	0.0	0.0	0.0	0.0	0.0	0.025935851992737957	0.0	0.0	0.0	0.0	0.0	0.0	0.0	0.0	0.0	0.0	0.0	0.0	0.0	0.0	0.0	0.0	0.0	0.0	0.0	0.0	0.0	0.0	0.0	0.0	0.0	0.0	0.0	0.0	0.0	0.0	0.0	0.0	0.0	0.0	0.0	0.0	0.0	0.0	0.0	0.0	0.0	0.0	0.0	0.0	0.0	0.027525461051472612	0.0	0.0	0.0	0.0	0.0	0.0	0.0	0.0	0.0	0.0	0.0	0.0	0.0	0.0	0.0	0.0	0.0	0.0	0.0	0.0	0.0	0.0	0.0	0.0	0.0	0.0	0.0	0.0	0.0	0.0	0.0	0.0	0.0	0.0	0.0	0.0	0.0	0.0	0.0	0.0	0.0	0.0	0.0	0.0	0.0	0.0	0.1299545159194282	0.0	0.0	0.0	0.0	0.0	0.0	0.0	0.0	0.0	0.0	0.0	0.0	0.0	0.0	0.0	0.0	0.0	0.0	0.0	0.0	0.0	0.0	0.0	0.0	0.0	0.0	0.0	0.0	0.0	0.0	0.0	0.0	0.0	0.0	0.0	0.0	0.0	0.0	0.0	0.0	0.0	0.0	0.0	0.0	0.0	0.0	0.0	0.0	0.0	0.0	0.0	0.0	0.0	0.0	0.0	0.0	0.0	0.0	0.0	0.020815986677768527	0.0	0.0	0.0	0.0	0.0	0.0	0.0	0.0	0.0	0.0	0.0	0.0	0.0	0.0	0.0	0.0	0.0	0.0	0.0	0.0	0.0	0.0	0.0	0.0	0.0	0.0	0.0	0.0	0.0	0.0	0.0	0.0	0.0	0.0	0.0	0.0	0.0	0.0	0.0	0.0	0.0561517344646868	0.0	0.0	0.8916323731138546	8.19851333624836	0.0	87.20765414599575	0.0	0.0	0.3846689895470384	2.974137931034483	0.0	0.0	0.0	0.0	0.0	0.0	0.0	0.0	0.0	0.0	0.0	0.0	0.0	0.0	0.0	0.0	0.0	0.0	0.0	0.0	0.0	0.0	0.0	0.0	0.0	0.0	0.0	0.0	0.0	0.0	0.0	0.0	0.0	0.0	0.0	0.0	0.0	0.0	0.0	0.0	0.0	0.0	0.0	0.0	0.0	0.0	0.0	0.0	0.0	0.0	0.0	0.0	0.06693440428380187	0.0	0.0	0.0	0.0	0.0	0.0	0.0	0.0	0.0	0.0	0.0	0.0	0.0	0.0	0.0	0.0	0.0	0.0	0.0	0.0	0.0	0.0	0.0	0.0	0.0	0.0	0.0	0.0	0.0	0.0	0.0	0.0	0.0	0.0	0.0	0.0	0.0	0.0	0.0	0.0	0.0	0.0	0.0	0.0	0.0	0.0	0.0	0.0	0.0	0.0	0.0	0.0	0.0	0.0	0.0	0.0	0.0	0.0	0.0	0.0	0.0	0.0	0.0	0.0	0.0	0.0	0.0	0.0	0.0	0.0	0.0	0.0	0.0	0.0	0.0	0.0	0.0	0.0	0.0	0.0	0.0	0.0	0.0	0.0	0.0	0.0	0.0	0.0	0.0	0.0	0.0	0.0	0.0	0.0	0.0	0.0	0.0	0.0	0.0	0.0
HMT-530		0.0	0.0	0.019694731659281144	0.0	0.0	0.0	0.0	0.002221210337512911	0.0	0.0	0.0	0.0	0.0	0.0	0.0	0.0	0.0	0.0	0.0	0.0	0.008509189925119127	0.033863867253640365	0.03376667229444538	0.012984202553559834	0.0	0.0	0.007975541672205237	0.0	0.0	0.0	0.0	0.0	0.0	0.02221728504776716	0.0	0.0	0.0	0.0	0.0	0.0	0.0	0.0	0.0	0.0	0.0	0.0	0.0	0.0	0.0	0.0	0.0	0.0	0.0	0.0	0.0	0.0	0.0	0.0	0.0	0.0	0.0	0.0	0.0	0.05216484089723526	0.0	0.0	0.0	0.0	0.0	0.0	0.0	0.0	0.0	0.0	0.0	0.0	0.0	0.0	0.018625442354255912	0.0	0.08251797713073206	0.0713436385255648	0.0	0.0	0.0	0.0	0.0	0.0	0.0	0.0	0.024277737314882253	0.0	0.0	0.0	0.0	0.0	0.0	0.0	0.0	0.0	0.0	0.0	0.0	0.0	0.0	0.048027444253859346	0.0	0.0	0.0	0.0	0.0	0.006751282743721307	0.0	0.0	0.017096939647803042	0.0	0.0	0.0	0.0	0.0	0.0	0.015837820715869498	0.0	0.0	0.0	0.0	0.0	0.0	0.0	0.0	0.0	0.0	0.0	0.0	0.0	0.0	0.0	0.0	0.0	0.0	0.0	0.0	0.0	0.0	0.0	0.0	0.0	0.0	0.0	0.010907504363001745	0.0	0.0	0.0	0.023946360153256702	0.0	0.0	0.0	0.0	0.038520801232665644	0.0	0.0	0.0	0.0	0.0	0.0	0.0	0.0	0.0	0.0	0.022431583669807086	0.0	0.0	0.0	0.0	0.0	0.0	0.0	0.0	0.0	0.0	0.0	0.0	0.0	0.0	0.0	0.0	0.0	0.0	0.0	0.0	0.0	0.0	0.0	0.0	0.0	0.0	0.0	0.0	0.0	0.0	0.0	0.0	0.0	0.0	0.0	0.0	0.0	0.0	0.0	0.0	0.0	0.0	0.0	0.0	0.0	0.0	0.0	0.05461496450027307	0.0	0.0	0.022668026748271564	0.0	0.010326311441553078	0.0	0.0	0.0	0.0	0.0	0.0	0.0	0.025220680958385876	0.0	0.0	0.0	0.0	0.0	0.0	0.0	0.0	0.0	0.0	0.0	0.0	0.0	0.0	0.0	0.0	0.0	0.0	0.0	82.51028806584361	22.23436816790555	0.0	4.571226080793763	0.0	0.0	97.43832752613241	38.63146551724138	0.0	0.07267441860465117	0.0	0.0	0.0	0.0	0.0	0.0	0.0	0.0	0.0	0.34572169403630076	0.0	0.0	0.0	0.0	0.0	0.0	0.0	0.0	0.0	0.0	0.0	0.0	0.0	0.0	0.0	0.0	0.042462845010615716	0.0	0.0	0.0	0.0	0.0	0.0	0.0	0.0	0.0	0.0	0.0	0.0	0.0	0.0	0.0	0.0	0.12150668286755771	0.0	0.0	0.0	0.0	0.0	0.0	0.0	0.0	0.0	0.0	0.0	0.0	0.0	0.0	0.0	0.0	0.0	0.0	0.0	0.0	0.0	0.0	0.0	0.0	0.0	0.0	0.0	0.0	0.0	0.0	0.0	0.0	0.0	0.0	0.0	0.0	0.0	0.0	0.0	0.0	0.0	0.0	0.0	0.0	0.0	0.0	0.0	0.0	0.0	0.0	0.0	0.0	0.0	0.0	0.0	0.0	0.0	0.0	0.0	0.0	0.0	0.0	0.0	0.0	0.0	0.0	0.0	0.0	0.0	0.0	0.0	0.0	0.0	0.0	0.0	0.0	0.0	0.0	0.0	0.0	0.0	0.0	0.0	0.0	0.0	0.0	0.0	0.01994813484939158	0.0	0.0	0.0	0.0	0.0	0.0	0.0	0.0	0.0	0.0	0.0	0.0	0.0	0.0	0.0	0.0	0.0	0.0	0.0
HMT-654		0.16652789342214822	0.09344921035417252	0.059084194977843424	0.0827357970215113	0.0	0.0	3.5226237473428483	0.0033318155062693664	2.886779528329582	0.11802088061733998	0.043923865300146414	0.011804981702278361	7.030264817150063	0.03372681281618887	0.02359325232983367	0.21248339973439576	0.02201188641866608	1.4132278123233466	4.408980254260211	0.9748964172556666	3.7355343771272977	0.0	5.571500928583488	0.038952607660679504	0.0	0.0	0.2312907084939519	0.23048112935753384	0.010006003602161296	0.0	0.2663115845539281	0.508330979949167	0.0	4.354587869362364	0.0	0.2010916403332376	1.9674935842600514	0.0	1.6736401673640167	0.030543677458766037	0.06901311249137336	3.033131124591694	0.0587026709715292	0.0708842814105972	0.10136113524471474	0.0	0.9263343625937362	2.9770710059171597	2.2815659839253306	1.0912343470483004	0.0	6.569054214483577	3.8684130368565337	15.61338289962825	0.0	0.4583870505658215	1.5555031817110536	0.0	2.4962852897473997	4.6128040257198775	0.0	0.0	0.035919540229885055	1.98226395409494	0.40520984081041966	0.16253555465258024	1.4078998826750098	0.34611288604898827	9.012611504152568	0.9514101257220523	0.06958942240779402	0.0	0.0	0.0	0.5017301038062283	0.0	1.8162103551097857	0.0	0.428385174147886	1.5673017824216349	0.0	0.04756242568370987	0.0	0.0	0.14627011214041932	0.0	0.0	0.0	0.08508224617129892	1.176983435047951	0.19422189851905802	0.9110233829334954	0.0	3.356605800214823	0.0	0.8890712624811926	0.0	1.2716763005780347	0.0758150113722517	0.1926782273603083	2.0126886895646465	0.6452498627127952	5.104241552839683	0.0	0.0	0.2607204116638079	3.8178688781098415	4.516129032258064	0.882948065485315	0.0	0.22854768335757325	0.6143667296786389	0.019277727798483486	3.152306160822918	0.0	0.0	0.054854635216675815	0.0	0.0	0.08210180623973727	2.230392156862745	0.015837820715869498	0.38952607660679506	0.608044901777362	0.054809536859413546	0.20764119601328906	0.0	5.325057170859196	0.0	0.06865774116031582	0.08537279453614115	1.2603116406966086	0.4548600810837536	0.08600917431192662	6.108247422680412	0.0	0.28963120293492955	2.580820429231187	0.0	0.014263300527742119	0.07407407407407407	1.029191616766467	0.0	0.0	0.09252833680314597	0.0	0.4223521767381416	2.3883696780893042	0.8391987005955605	0.010907504363001745	0.029120559114735003	0.08955558043210567	2.8826151560178306	0.9818007662835249	11.174526884950435	3.2335907335907335	6.5937940761636105	0.0	0.3852080123266564	0.03497726477789437	0.24476475387544194	0.7486897928624906	0.4576659038901602	0.3587691458534566	0.7180768029971901	0.0671591672263264	0.010529640939243972	0.03227888960619754	0.012784998934583423	6.7294751009421265	0.0	0.0	1.2188659247482776	2.8811086797957697	0.580046403712297	0.0	0.072846476051721	0.04343105320304018	1.3168896321070234	1.110794645400171	0.30816640986132515	10.033783783783784	0.03786444528587656	4.179538433581683	0.5699088145896657	4.540682414698162	0.0	0.804661487236404	0.4587857470561248	0.0	21.868921775898517	0.08470986869970351	0.0	5.704506560182544	0.0	0.0	2.9256256609094113	0.0	0.041019096668337814	0.09442870632672333	1.3204853675945754	0.616937745372967	1.2526997840172787	14.369066455696203	0.411793773678142	0.0	0.5620316402997502	0.0	0.0	0.08915304606240713	0.0	0.011184431271669836	3.8375835602872	0.2004868967492482	11.444096821999011	4.154169166166766	0.5509641873278237	0.0	4.221500598188344	0.0	0.034002040122407345	0.5163193804167435	2.0239570425444033	0.0	0.16539861065167052	0.020222446916076844	0.0	2.1751359459966246	0.0	0.0	1.3871374527112232	15.58457711442786	0.06605019815059446	1.9096774193548387	0.19953441968739608	0.0	6.511016113120684	2.064475146895347	5.737373737373738	0.6239460370994941	4.767246214245653	2.0862035032473925	4.4514807226671635	0.0	0.014549687181725592	0.034376074252320386	2.2617376384339414	0.018717244821562264	0.03620564808110065	0.0	0.0	0.3935286401399213	0.0	0.0	0.10879419764279238	0.0	0.033449477351916376	0.0	4.312777106005643	0.0	0.0	1.9073569482288828	3.3964365256124722	0.0	2.5961538461538463	9.886014905743096	0.08898776418242492	0.5973970556859398	0.0	2.4200518582541055	0.15646391550948563	0.06359300476947535	0.1539815222173339	0.0	0.0	0.034806822137138885	6.023283279905517	1.705276705276705	0.7171543316121629	0.0	3.21422654222124	0.14619883040935672	0.27768703038222803	0.0	0.029027576197387515	0.12402551381998582	0.042462845010615716	0.0	1.7939433838051349	0.0	0.08138351983723296	0.35211267605633806	0.8623012665049852	0.9943952269029108	0.09529860228716645	0.014455044810638914	0.0	0.0	0.18436578171091444	0.0	0.0	1.2865497076023393	0.0	0.0	1.3085199185809828	0.9336941813261163	0.01809299800977022	0.2285714285714286	0.0	0.0	0.0	0.0	0.0	3.264996203492786	0.0	10.277569392348088	0.0	0.14378145219266716	0.0	9.912339851652057	0.0	0.0	0.0	0.0	5.004079412564591	10.151273885350319	25.14450867052023	7.646826960977532	0.0	6.343737332792866	0.011877895236964009	0.0	0.0	0.540091400083091	0.2618657937806874	0.6838669567920422	7.553191489361702	0.6042296072507553	0.0	0.0	0.21493820526598603	0.0	5.06155950752394	0.0	1.0554089709762533	0.0	2.5528811086797956	0.024046168643796086	3.300553860065559	0.1457017969888295	1.3297872340425532	0.0	0.27077848815344113	3.0005661445555765	0.06745817593092283	0.0	0.0	1.8308157099697884	7.725660228616476	0.1883460859329017	0.0	0.0	0.5959202383680954	0.03864734299516908	0.0	0.0	0.04549590536851684	2.2891744203219613	6.435643564356436	0.0	0.015051929155586775	0.1364721937905152	9.769402429952889	0.02297090352220521	0.0	5.239551478083588	0.34818319792875635	0.0	0.037481259370314844	0.0	0.0	1.487603305785124	0.38963239031001184	1.610541727672035	0.09500285008550256	0.4746182418489476	0.2637594513803411	1.0849056603773584	3.4082840236686387	0.5121638924455826	2.6503230081166143	0.0	0.0	2.379570516540917	2.5076990761108666	0.0	0.0	0.022732439190725165	0.0	0.44525399716656544	0.0	0.0	1.8297754366509564	4.611980939414568	0.04538749574492227	0.0	0.0	0.05232253938724493	0.21626297577854672	0.0	0.0765696784073507
HMT-880		0.33305578684429643	0.485935893841697	0.2363367799113737	0.2206287920573635	1.7326732673267329	3.069121964238057	1.5335560279380505	0.23433769060761206	0.547998825716802	0.04539264639128461	1.0395314787701317	0.5194191949002479	0.47288776796973514	0.2360876897133221	0.283119027958004	0.398406374501992	0.13207131851199647	1.1305822498586773	1.027860427373546	0.41433097733365826	0.2382573179033356	0.0	0.9623501603916933	0.4933996970352737	1.3702540679417643	1.4834437086092715	0.04785325003323142	0.6050129645635264	0.38022813688212925	0.037921880925293895	0.0	0.16944365998305563	1.0369532428355956	1.2663852477227284	0.15263846489315308	1.3789141051422005	0.285143997718848	0.37611659614480486	0.20455602045560206	3.1459987782529018	2.001380262249828	0.31109037175299425	0.0440270032286469	0.7974481658692184	0.11584129742253113	1.0267743638888345	0.779297162182032	4.197485207100591	2.3852735286492095	0.26833631484794274	0.024594195769798325	1.5037593984962405	1.0660980810234542	0.051871703985475914	26.138107416879798	1.1746168170749176	1.2019797313221776	1.083743842364532	0.9806835066864784	1.36986301369863	1.658069270449521	7.082228116710876	1.1613984674329503	2.2430881585811164	0.8972503617945007	0.6907761072734661	0.7039499413375049	0.1863684771033014	3.9218701937865275	0.27183146449201495	2.783576896311761	0.06015037593984962	0.033112582781456956	0.7806191117092867	6.608996539792387	12.388193202146692	0.4608294930875576	0.6013071895424836	0.07450176941702365	0.7375537799631223	1.6149946952728989	0.3329369797859691	0.1437297879985627	1.2251148545176112	0.36567528035104824	1.6407599309153715	0.6896551724137931	3.810733566211496	0.5955757231990925	0.0	0.09711094925952901	8.928029152748254	0.9371221281741233	2.2556390977443606	4.750889679715303	2.3389413212966765	4.990069513406157	0.18497109826589594	1.004548900682335	0.11010184420589045	7.941369503390942	0.21965952773201539	4.205607476635514	0.3426791277258567	1.2128103088876254	0.5420240137221269	0.5319981223595681	3.5806451612903225	0.018394751364277394	0.0406421459053038	0.49864949096197797	0.24979746151768834	0.5204986505590542	0.44242893485233936	0.4445204308428792	2.503293807641634	0.34741268970561345	0.20114942528735633	0.041076196344218524	0.19157088122605362	0.24509803921568626	0.09502692429521697	0.38952607660679506	0.7249766136576239	0.30145245272677446	0.12458471760797342	1.586797841954935	0.914733747141457	2.8178694158075603	0.37761757638173704	1.1952191235059761	0.2520623281393217	0.9888262632255512	0.08600917431192662	1.5463917525773196	0.40425531914893614	1.4867735083993048	2.798152675903287	0.13386880856760375	0.08557980316645272	0.16666666666666669	1.029191616766467	0.1003260596940055	12.849162011173185	0.023132084200786492	1.9176800748362957	0.649772579597141	5.763239875389408	2.165674066053059	0.9598603839441536	0.960978450786255	0.0	1.4264487369985142	0.6226053639846743	6.1279663562631415	1.1100386100386102	0.10578279266572638	14.936864798275332	0.6548536209553159	0.06995452955578874	0.7070981778623878	0.12478163214374843	0.2288329519450801	0.3173727059472885	4.651888854199188	0.33579583613163194	0.5264820469621986	0.22595222724338285	0.26848497762625184	1.9291161956034097	0.0	0.0	2.808691043985162	0.19450522732798445	1.4307811291569992	0.7209227811598846	0.072846476051721	1.2377850162866448	0.4076086956521739	0.7974935915693534	2.6194144838212634	0.033783783783783786	3.180613404013631	2.7076140287116117	1.1778115501519757	0.6036745406824147	0.0	0.3144654088050315	0.42820003058571643	3.8948600617218263	0.0	8.089792460821686	0.5094043887147335	2.7381631488876215	0.20655060489820007	6.944444444444445	0.6344730348960169	0.5511811023622047	0.8340549655895355	0.4721435316336166	1.5346181299072092	2.299495232753786	1.8574514038876888	1.9284018987341771	0.34590676988963925	1.9090909090909092	0.43713572023313907	16.535433070866144	0.5744125326370757	11.530460624071322	1.6306563391765185	0.6039592886701711	0.4704134686803664	0.4725762566232279	0.31286020088918165	0.08098380323935213	0.4084734492258003	0.5734571272528673	0.5810972483336182	0.41621425986246835	0.3173523744758019	0.8297990042411949	0.4853366377529946	1.5277100601332683	0.19847833278200464	8.452982810920123	1.0242085661080074	4.2002625164072755	0.7194564107119065	0.5427974947807933	1.034047919293821	0.4850746268656716	0.13210039630118892	0.6451612903225806	0.39906883937479215	1.35424091233072	0.591910555738244	4.76417341591234	2.4915824915824913	0.5564924114671164	1.2151804075528136	0.0	0.24213075060532688	1.62526120269329	4.641350210970464	3.300103128222757	0.40555295585712053	3.949338657349638	0.18102824040550325	0.057948618891249755	0.0	1.9020550940096197	1.8878101402373246	0.1771793054571226	1.0335448776065277	1.1702127659574468	0.041811846689895474	0.0	0.16122531237404272	1.8168604651162792	0.037921880925293895	1.5929574512680778	0.20415738678544915	0.08835223089383007	0.7451923076923077	0.657606313020605	5.494994438264738	0.08534243652656284	0.45133142771174967	3.8893690579083837	0.13690592607079993	0.3179650238473768	0.08798944126704795	0.4075471698113208	0.8161305808929429	0.12182387747998608	0.7254935043023452	1.4157014157014158	0.08605851979345956	0.39229671897289586	0.513613519633291	1.023391812865497	0.5880431231623653	0.6956521739130435	16.60377358490566	12.207654145995747	3.6518046709129512	2.6968973747016705	2.5839368005266623	0.5089058524173028	0.18311291963377416	0.020712510356255178	0.8084074373484237	3.41710359790273	0.5400254129606099	0.028910089621277828	0.2834321051275444	0.020439448134900357	0.5530973451327433	0.9301616346447087	0.0	5.8089668615984404	0.17448200654307525	2.7946537059538272	0.08723466123873219	0.23004059539918809	0.12665098606839154	0.2285714285714286	1.911589008363202	0.3062266076896904	1.4725568942436411	1.45681581685744	0.7334963325183375	0.15186028853454822	1.5492957746478873	2.4756189047261814	1.1049723756906076	3.6664270309130123	0.2457002457002457	0.4045853000674309	4.368932038834951	0.5540631296171927	0.6731488406881078	0.0	0.46233342398694594	2.945859872611465	0.0	0.35474970437524633	1.3958682300390843	0.48642075395216866	0.4394821237676684	0.2121855107608366	1.9221753398968588	0.2285002077274616	0.06546644844517185	0.3419334783960211	1.5957446808510638	1.0711343037627026	1.4285714285714286	0.1266357112705783	0.9403546480386888	0.18376097461376165	0.4377564979480164	0.9991496598639457	0.10148163182463973	0.06920415224913494	1.5317286652078774	1.947739660147483	0.04521306657624054	0.04856726566294317	8.51063829787234	0.0	2.730349755547198	0.3963011889035667	0.6610901241230437	1.2813941568426448	0.29411764705882354	1.1963746223564953	0.7489160425699646	0.14125956444967627	0.7780209093119378	0.8920678293016152	0.756360302544121	0.0	0.0	24.675047943746005	0.7734303912647862	3.736523408654556	4.012506513809275	0.0570830558462563	0.45155787466760317	7.540088706925964	1.2645673196131912	0.8499234303215928	0.5352798053527981	2.5076452599388377	2.4372823855012946	0.0	1.7241379310344827	4.274670304683948	0.05542469170015242	0.4132231404958678	1.1011350160935118	0.07320644216691069	0.9310279308379252	0.08254230293025176	0.6154387198874627	0.5817610062893082	0.1893491124260355	0.4801536491677336	0.04969355640218651	2.01476161978855	0.06871278057718737	0.812536273940801	0.13198416190057194	1.6221873364730508	0.5575809564657945	1.250284155489884	1.4437689969604863	0.9107468123861567	1.5917602996254683	0.1774622892635315	0.9426115885777655	2.365554799183118	0.3177124702144559	0.10032102728731941	0.5580848876487002	0.034881692924829955	2.292387543252595	0.11504170261719873	0.7274119448698315
HMT-838		0.0	0.0	0.009847365829640572	0.0	0.0	0.0	0.0	0.002221210337512911	0.0	0.0	0.0	0.0	0.0	0.0	0.011796626164916835	0.0	0.0	0.0	0.0	0.0	0.0	0.0	0.0	0.0	0.028546959748786755	0.0	0.0	0.0	0.0	0.0	0.0	0.0	0.0	0.0	0.04361098996947231	0.0	0.0	0.03134304967873374	0.0	0.0	0.0	0.0	0.0	0.0	0.0	0.0	0.0	0.0	0.0	0.0	0.0	0.0	0.0	0.1296792599636898	0.0	0.0	0.0	0.0	0.0	0.0	0.0	0.01326259946949602	0.0	0.0	0.0	0.0	0.0	0.0	0.0	0.0	0.0	0.0	0.0	0.0	0.0	0.0	0.0	0.0	0.0	0.0	0.0	0.0	0.0	0.0	0.0	0.0	0.0	0.0	0.0	0.0	0.0	0.0	0.0	0.0	0.0	0.0	0.0	0.0	0.0	0.0	0.0	0.0	0.10783608914450035	0.0	0.0	0.0	0.0	0.0	0.0	0.0	0.0	0.0	0.0	0.0	0.0	0.0	0.0	0.0	0.0	0.0	0.0	0.0	0.0	0.0	0.0	0.0	0.0	0.0	0.0	0.0	0.0	0.0	0.0	0.0	0.0	0.0	0.0	0.0	0.0	0.0	0.0	0.0	0.0	0.0	0.0	0.0	0.0	0.0	0.0	0.0	0.0	0.0	0.0	0.0	0.0	0.0	0.0	0.0	0.0	0.0	0.0	0.0	0.0	0.0	0.0	0.0	0.0	0.0	0.0	0.0	0.0	0.0	0.0	0.0	0.0	0.0	0.0	0.0	0.0	0.0	0.0	0.0	0.0	0.0	0.0	0.0	0.0	0.0	0.0	0.0	0.0	0.0	0.0	0.0	0.0	0.0	0.0	0.0	0.01367303222277927	0.0	0.0	0.0	0.0	0.0	0.0	0.0	0.0	0.0	0.0	0.0	0.0	0.0	0.0	0.0	0.0	0.0	0.0	0.0	0.0	0.0	0.0	0.0	0.0	0.0	0.0	0.0	0.0	0.0	0.0	0.0	0.0	0.0	0.022016732716864818	0.0	0.0	0.0	0.0	0.0	0.0	0.0	0.0	0.0	0.0	0.0	0.0	0.0	0.0	0.0	0.0	0.0	0.0	0.0	0.026968716289104636	0.03543586109142452	0.0	0.0	0.0	1.2284482758620692	0.0	0.0	0.0	0.0	0.0	0.0	0.0	0.0	0.0	0.0	0.0	0.0	0.0	0.0	0.0	0.0	0.0	0.0	0.0	0.0	0.0	0.0	0.0	0.0	0.0	0.0	0.0	0.0	0.0	0.0	0.0	0.0	0.0	0.0	0.0	0.0	0.0	0.0	0.0	0.0	0.0	0.0	0.0	0.0	0.0	0.12150668286755771	0.0	0.0	0.0	0.0	0.0	0.0	0.06693440428380187	0.0	0.0	0.0	0.0	0.0	0.0	0.0	0.0	0.0	0.0	0.0	0.0	0.0	0.0	0.0	0.0	0.0	0.0	0.06080259424402108	0.011877895236964009	0.0	0.0	0.0	0.0	0.09325458501709667	0.0	0.0	0.0	0.0	0.0	0.0	0.0	0.0	0.02029632636492795	0.0	0.0	0.0	0.0	0.0	0.0	0.0	0.0	0.0	0.0	0.0	0.0	0.0	0.0	0.0	0.0	0.0	0.0	0.0	0.0	0.0	0.0	0.0	0.0	0.0	0.0	0.0	0.0	0.0	0.0	0.0	0.0	0.0	0.0	0.0	0.0	0.0	0.0	0.0	0.0	0.0	0.05275189027606822	0.0	0.0	0.0	0.016564518800728838	0.0	0.0	0.0	0.0	0.0	0.0	0.0	0.0	0.0	0.0	0.0	0.0	0.0	0.022693747872461135	0.0	0.0	0.0	0.0	0.0	0.0
HMT-758		0.03330557868442965	0.0	0.0	0.0	0.0	0.0	0.0	0.002221210337512911	0.0	0.018157058556513842	0.0	0.0	0.0	0.0	0.0	0.0	0.0	0.0	0.0	0.0	0.0	0.0	0.0	0.0	0.0	0.0	0.0	0.0	0.020012007204322592	0.0	0.0	0.0	0.0	0.0	0.0	0.028727377190462512	0.028514399771884805	0.0	0.0	0.0	0.0	0.04666355576294914	0.0	0.0	0.0	0.0	0.0	0.0	0.0	0.0	0.024594195769798325	0.019786307874950535	0.0	0.0	0.0	0.0	0.0	0.0	0.029717682020802376	0.0	0.0	0.0	0.0	0.0	0.0	0.0	0.0	0.0	0.015379883112888343	0.0	0.0	0.0	0.0	0.0	0.0	0.0	0.0	0.0	0.0	0.0	0.0	0.04756242568370987	0.0	0.0	0.0	0.0	0.0	0.0	0.0	0.0	0.0	0.03036744609778318	0.0	0.0	0.0	0.0	0.0	0.0	0.0	0.0	0.0	0.0	0.0	0.0	0.0	0.0	0.0	0.0	0.0	0.0	0.0	0.0	0.0	0.0	0.0	0.0	0.0	0.0	0.0	0.0	0.0	0.0	0.0	0.0	0.0	0.0	0.0	0.0	0.0	0.0	0.0	0.0	0.0	0.0	0.0	0.0	0.0	0.0	0.0	0.0	0.0	0.0	0.0	0.0	0.0	0.0	0.0	0.0	0.0	0.0	0.0	0.0	0.0	0.0	0.0	0.0	0.0	0.0	0.0	0.0	0.0	0.0	0.0	0.0	0.0	0.0	0.0	0.0	0.0	0.0	0.0	0.0	0.0	0.0	0.0	0.0	0.0	0.0	0.0	0.0	0.0	0.0	0.0	0.0	0.0	0.0	0.0	0.00924898261191269	0.0	0.0	0.0	0.0	0.0	0.0	0.0	0.0	0.0	0.0	0.0	0.0	0.0	0.0	0.0	0.0	0.0	0.0	0.0	0.0	0.0	0.029717682020802376	0.0	0.0	0.0	0.0	0.0	0.0	0.0	0.0	0.0	0.0	0.0	0.0	0.0	0.0	0.0	0.0	0.0	0.0	0.0	0.0	0.0	0.0	0.0	0.0	0.0	0.0	0.0	0.0	0.0	0.0	0.0	0.0	0.0	0.0	0.0	0.0	0.0	0.0	0.03620564808110065	0.019316206297083253	0.0	2.033231307389593	0.0	0.1771793054571226	0.0	0.0	0.0	0.0	0.0	0.0	0.0	0.0	0.0	0.044176115446915035	0.0	0.0	0.0	0.0	0.0	0.0	0.0	0.03179650238473768	0.0	0.0	0.0	0.0	0.0	0.0	0.0	0.0	0.016568178052686806	0.0	0.0	0.0	0.0	0.0	0.0	0.0	0.0	0.0	0.0	0.0	0.0	0.0	0.0	0.0	0.0	0.0	0.0	0.0	0.0	0.0	0.0	0.0	0.0	0.0	0.0	0.0	0.0	0.0	0.0	0.0	0.0	0.0	0.0	0.0	0.0	0.0	0.0	0.0	0.0	0.0	0.0	0.0	0.0	0.0	0.0	0.0	0.0	0.0	0.0	0.0	0.0	0.0	0.0	0.0	0.0	0.0	0.0	0.0	0.0	0.0	0.0	0.0	0.0	0.0	0.0	0.024046168643796086	0.0	0.0	0.0	0.0	0.0	0.0	0.0	0.0	0.0	0.0	0.0	0.0	0.34038414782397275	0.16876958932733263	0.068760027504011	0.0	0.0	0.0	0.09099181073703368	0.0	0.0	0.0	0.0	0.0	0.024795437639474338	0.0	0.0	0.0	0.0	0.0	0.0	0.0	0.0	0.0	0.0	0.0	0.03800114003420103	0.0	0.0	0.0	0.0	0.0	0.04969355640218651	0.0	0.0	0.0	0.0	0.0	0.0	0.0	0.0	0.0	0.0	0.0	0.0	0.0	0.0	0.0	0.0	0.0	0.0	0.0	0.0
HMT-494		0.0	0.0	0.0	0.0	0.0	0.0	0.0	0.0	0.0	0.0	0.0	0.0	0.0	0.0	0.0	0.0	0.0	0.0	0.0	0.0	0.0	0.0	0.0	0.0	0.0	0.0	0.0	0.0	0.0	0.0	0.0	0.0	0.0	0.0	0.0	0.0	0.0	0.0	0.0	0.0	0.0	0.0	0.0	0.0	0.0	0.0	0.0	0.0	0.0	0.0	0.0	0.0	0.0	0.0	0.0	0.0	0.0	0.0	0.0	0.0	0.0	0.0	0.0	0.0	0.0	0.0	0.0	0.0	0.0	0.0	0.0	0.0	0.0	0.0	0.0	0.0	0.0	0.0	0.0	0.0	0.0	0.0	0.0	0.0	0.0	0.0	0.0	0.0	0.0	0.0	0.0	0.0	0.0	0.0	0.0	0.0	0.0	0.0	0.0	0.0	0.02187705097352877	0.0	0.0	0.0	0.0	0.0137221269296741	0.0	0.0	0.0	0.0	0.0	0.0	0.019277727798483486	0.0	0.0	0.0	0.0	0.0	0.0	0.0	0.0	0.0	0.0	0.0	0.0	0.0	0.0	0.0	0.0	0.0	0.0	0.0	0.0	0.0	0.0	0.0	0.0	0.0	0.0	0.0	0.0	0.0	0.0	0.0	0.0	0.0	0.0	0.0	0.0	0.0	0.0	0.0	0.0	0.0	0.0	0.0	0.0	0.0	0.0	0.0	0.0	0.0	0.0	0.0	0.0	0.0	0.0	0.0	0.0	0.0	0.0	0.0	0.0	0.0	0.0	0.0	0.0	0.0	0.0	0.0	0.0	0.0	0.0	0.0	0.0	0.0	0.009664637092877163	0.0	0.0	0.0	0.0	0.0	0.0	0.0	0.0	0.0	0.0	0.0	0.0	0.0	0.0	0.0	0.0	0.009889240506329115	0.0	0.0	0.0	0.0	0.0	0.0	0.0	0.0	0.0	0.0	0.0	0.0	0.0	0.0	0.0	0.0	0.0	0.0	0.0	0.0	0.0	0.0	0.0	0.0	0.0	0.0	0.0	0.0	0.0	0.0	0.07981376787495843	0.0	0.0	0.0	0.0	0.0	0.0	0.0	0.0	0.0	0.0	0.0	0.0	0.0	0.0	0.0	0.0	0.0	0.0	0.0	0.0	0.0	0.0	1.6163793103448276	0.0	0.0	0.0	0.0	0.01855976243504083	0.0	0.0	0.0	0.0	0.0	0.0	0.0	0.0	0.0	0.02199736031676199	0.0	0.0	0.0	0.0	0.0	0.0	0.0	0.0	0.0	0.0	0.0	0.0	0.0	0.0	0.0	0.0	0.0	0.0	0.0	0.0	0.0	0.0	0.0	0.0	0.0	0.0	0.0	0.0	0.0	0.0	0.0	0.0	0.0	0.0	0.0	0.0	0.0	0.0	0.0	0.0	0.0	0.0	0.0	0.0	0.0	0.0	0.0	0.08090614886731393	0.0	0.0	0.0	0.0	0.0	0.0	0.0	0.0	0.0	0.0	0.0	0.0	0.0	0.0	0.0	0.0	0.0	0.0	0.0	0.0	0.0	0.0	0.0	0.0	0.0	0.0	0.09618467457518434	0.0	0.0	0.0	0.0	0.0	0.0	0.0	0.0	0.0	0.0	0.0	0.0	0.0	0.0	0.0	0.0	0.0	0.19177498401875132	0.04549590536851684	0.0	0.0	0.0	0.0	0.0	0.0	0.2756508422664625	0.0	0.0	0.0	0.0	0.0	0.0	0.0	0.0	0.0	0.0	0.0	0.0	0.0	0.0	0.0	0.0	0.0	0.0	0.0	0.0	0.0	0.0	0.0	0.0	0.0	0.0	0.0	0.0	0.0	0.0	0.0	0.0	0.0	0.0	0.0	0.0	0.0
HMT-095		0.0	0.0	0.0	0.0	0.0	0.0	0.0	0.0	0.0	0.0	0.0	0.0	0.0	0.0	0.0	0.0	0.0	0.0	0.0	0.0	0.0	0.0	0.0	0.0	0.0	0.0	0.0	0.0	0.0	0.0	0.0	0.0	0.0	0.0	0.0	0.0	0.0	0.0	0.0	0.0	0.0	0.0	0.0	0.0	0.0	0.0	0.0	0.0	0.0	0.0	0.0	0.0	0.0	0.0	0.0	0.0	0.0	0.0	0.0	0.0	0.0	0.0	0.0	0.0	0.0	0.0	0.0	0.0	0.0	0.0	0.0	0.0	0.0	0.0	0.0	0.0	0.0	0.0	0.0	0.0	0.0	0.0	0.0	0.0	0.0	0.0	0.0	0.0	0.0	0.0	0.0	0.0	0.0	0.0	0.0	0.0	0.0	0.0	0.0	0.0	0.0	0.0	0.0	0.0	0.0	0.0	0.0	0.0	0.0	0.0	0.0	0.0	0.0	0.0	0.0	0.0	0.0	0.0	0.0	0.0	0.0	0.0	0.0	0.0	0.0	0.0	0.0	0.0	0.0	0.0	0.0	0.0	0.0	0.0	0.0	0.0	0.0	0.0	0.0	0.0	0.0	0.0	0.0	0.0	0.0	0.0	0.0	0.0	0.0	0.0	0.0	0.0	0.0	0.0	0.0	0.0	0.0	0.0	0.0	0.0	0.0	0.0	0.0	0.0	0.0	0.0	0.0	0.0	0.0	0.0	0.0	0.0	0.0	0.0	0.0	0.0	0.0	0.0	0.0	0.0	0.0	0.0	0.0	0.0	0.0	0.0	0.0	0.0	0.0	0.0	0.0	0.0	0.0	0.0	0.0	0.0	0.0	0.0	0.0	0.0	0.0	0.0	0.0	0.0	0.0	0.0	0.0	0.0	0.0	0.0	0.0	0.0	0.0	0.0	0.0	0.0	0.0	0.0	0.0	0.0	0.0	0.0	0.0	0.0	0.0	0.0	0.0	0.0	0.0	0.0	0.0	0.0	0.0	0.0	0.0	0.0	0.0	0.0	0.0	0.0	0.0	0.0	0.0	0.0	0.0	0.0	0.0	0.0	0.0	0.0	0.0	2.09881941407958	0.0	0.0	0.0	0.0	0.0	0.0	0.0	0.0	0.0	0.0	0.0	0.0	0.0	0.0	0.0	0.0	0.0	0.0	0.0	0.0	0.0	0.0	0.0	0.0	0.0	0.0	0.0	0.0	0.0	0.0	0.0	0.0	0.0	0.0	0.0	0.0	0.0	0.0	0.0	0.0	0.0	0.0	0.0	0.0	0.0	0.0	0.0	0.0	0.0	0.0	0.0	0.0	0.0	0.0	0.0	0.0	0.0	0.0	0.0	0.0	0.0	0.0	0.0	0.0	0.0	0.0	0.0	0.0	0.0	0.0	0.0	0.0	0.0	0.0	0.0	0.0	0.0	0.0	0.0	0.0	0.0	0.0	0.0	0.0	0.0	0.0	0.0	0.0	0.0	0.0	0.0	0.0	0.0	0.0	0.0	0.0	0.0	0.0	0.0	0.0	0.0	0.0	0.0	0.0	0.0	0.0	0.0	0.0	0.0	0.0	0.0	0.0	0.0	0.0	0.0	0.0	0.0	0.0	0.0	0.0	0.0	0.0	0.0	0.0	0.0	0.0	0.0	0.0	0.0	0.0	0.0	0.0	0.0	0.0	0.0	0.0	0.0	0.0	0.0	0.0	0.0	0.0	0.0	0.0	0.0	0.0	0.0	0.0	0.0	0.0	0.0	0.0	0.0	0.0	0.0	0.0	0.0	0.0	0.0
HMT-684		0.0	0.0	0.0	0.0	0.0	0.0	0.0	0.0	0.0	0.0	0.0	0.0	0.0	0.0	0.0	0.0	0.0	0.0	0.0	0.0	0.0	0.0	0.0	0.0	0.0	0.0	0.0	0.0	0.0	0.0	0.0	0.0	0.0	0.0	0.0	0.0	0.0	0.0	0.0	0.0	0.0	0.0	0.0	0.0	0.0	0.0	0.0	0.0	0.0	0.0	0.0	0.0	0.0	0.0	0.0	0.0	0.0	0.0	0.0	0.0	0.0	0.0	0.0	0.0	0.0	0.0	0.0	0.0	0.0	0.0	0.0	0.0	0.0	0.0	0.0	0.0	0.0	0.0	0.0	0.0	0.0	0.0	0.0	0.0	0.0	0.0	0.0	0.0	0.0	0.0	0.0	0.0	0.0	0.0	0.0	0.0	0.0	0.0	0.0	0.0	0.0	0.0	0.0	0.0	0.0	0.0	0.0	0.0	0.0	0.0	0.0	0.0	0.0	0.0	0.0	0.0	0.0	0.0	0.0	0.0	0.0	0.0	0.0	0.0	0.0	0.0	0.0	0.0	0.0	0.0	0.0	0.0	0.0	0.0	0.0	0.0	0.0	0.0	0.0	0.0	0.0	0.0	0.0	0.0	0.0	0.0	0.0	0.0	0.0	0.0	0.0	0.0	0.0	0.0	0.0	0.0	0.0	0.0	0.0	0.0	0.0	0.0	0.0	0.0	0.0	0.0	0.0	0.0	0.0	0.0	0.0	0.0	0.0	0.0	0.0	0.0	0.0	0.0	0.0	0.0	0.0	0.0	0.0	0.0	0.0	0.0	0.0	0.0	0.0	0.0	0.0	0.0	0.0	0.0	0.0	0.0	0.0	0.0	0.0	0.0	0.0	0.0	0.0	0.0	0.0	0.0	0.0	0.0	0.0	0.0	0.0	0.0	0.0	0.0	0.0	0.0	0.0	0.0	0.0	0.0	0.0	0.0	0.0	0.0	0.0	0.0	0.0	0.0	0.0	0.0	0.0	0.0	0.0	0.0	0.0	0.0	0.0	0.0	0.0	0.0	0.0	0.0	0.0	0.0	0.0	0.0	0.0	0.0	0.0	0.0	0.0	0.0	0.0	0.0	0.0	0.0	0.0	1.2607758620689655	0.0	0.0	0.0	0.0	0.0	0.0	0.0	0.0	0.0	0.0	0.0	0.0	0.0	0.0	0.0	0.0	0.0	0.0	0.0	0.0	0.0	0.0	0.0	0.0	0.0	0.0	0.0	0.0	0.0	0.0	0.0	0.0	0.0	0.0	0.0	0.0	0.0	0.0	0.0	0.0	0.0	0.0	0.0	0.0	0.0	0.0	0.0	0.0	0.0	0.0	0.0	0.0	0.0	0.0	0.0	0.0	0.0	0.0	0.0	0.0	0.0	0.0	0.0	0.0	0.0	0.0	0.0	0.0	0.0	0.0	0.0	0.0	0.0	0.0	0.0	0.0	0.0	0.0	0.0	0.0	0.0	0.0	0.0	0.0	0.0	0.0	0.0	0.0	0.0	0.0	0.0	0.0	0.0	0.0	0.0	0.0	0.0	0.0	0.0	0.0	0.0	0.0	0.0	0.0	0.0	0.0	0.0	0.0	0.0	0.0	0.0	0.0	0.0	0.0	0.0	0.0	0.0	0.0	0.0	0.0	0.0	0.0	0.0	0.0	0.0	0.0	0.0	0.0	0.0	0.0	0.0	0.0	0.0	0.0	0.0	0.0	0.0	0.0	0.0	0.0	0.0	0.0	0.0	0.0	0.0	0.0	0.0	0.0	0.0	0.0	0.0	0.0	0.0
HMT-118		6.344712739383847	4.308008597327353	0.0	0.0	0.4455445544554455	1.7080330931411796	0.1366535074400243	0.0	0.029357079949114396	0.04539264639128461	0.14641288433382138	0.0	0.9142496847414879	0.0	3.9872596437418895	4.355909694555113	6.471494607087827	0.0	0.0	0.0	0.0	0.13545546901456146	4.4740840790140135	0.0	1.7699115044247788	1.7483443708609274	0.0	0.0	0.010006003602161296	7.483251169257995	0.006340752013188764	0.0	4.996229260935143	0.0	0.021805494984736155	8.417121516805516	0.0	0.0	0.0	2.0158827122785583	2.8295376121463076	0.015554518587649713	3.3460522453771646	0.0	0.0	19.76100604330054	0.0	0.35133136094674555	0.0	0.0	0.0	0.0	0.13706975327444412	0.5965245958329731	0.0	0.0	1.4140938015555033	0.0	0.0	0.3913894324853229	0.0	0.22546419098143236	0.0	0.0	0.11577424023154848	0.0	0.0	0.0	0.0	0.0	1.0090466249130132	0.0	0.0	0.0	2.0242214532871974	0.0	0.0	3.032679738562092	0.2607561929595828	0.8912108174554395	0.0	0.0	0.6467840459935321	3.1546707503828486	0.9263773768893223	0.0	17.75862068965517	0.0	1.474758933635848	6.7785527462946815	7.720320466132556	0.0	0.0	0.0	1.6192170818505338	30.96703597319108	0.0	0.0	0.0	0.0	4.791074163202801	0.0	0.0	0.0	0.0	0.0	0.0	0.0	8.553559384388988	0.0	0.0	0.0	0.11566636679090092	0.0	0.0	0.0	0.0	0.0	0.0	0.0	0.0	0.0	0.0	0.18709073900841908	1.3428336530556317	0.0	0.0	0.0	0.0	0.0	1.1952191235059761	2.2914757103574703	0.0	1.0894495412844036	0.8762886597938144	0.0	0.0	0.0	7.111780455153949	0.0	0.0	0.4491017964071856	0.0	0.0	4.02498265093685	0.0	0.4548408057179987	1.1163032191069575	1.136978884677856	0.0	1.4997087944088527	4.343445650957125	0.9212481426448738	0.0	0.0	0.0	0.0	2.740991684631968	0.0	12.137110877929345	0.0	2.5954579485899676	0.0	4.815785842417552	0.8741804558226661	0.0	0.5159524060229547	0.0	0.0	0.0	1.2886597938144329	0.06193868070610096	0.0	5.409676635059568	0.0	1.3297020185837873	0.655618284465489	1.520086862106406	0.0	0.0	0.07704160246533129	0.0	0.0	0.25440668726149374	0.0	0.0	0.0	0.9156492785793563	0.0	2.1389805256996914	0.9133192389006342	0.0	4.467084639498433	0.11409013120365087	0.0	0.0	0.0	0.0	1.2305729000501344	0.0	0.46395431834403994	0.0	0.0	0.16811708860759494	0.0	0.022727272727272728	0.0	0.0	1.618798955613577	2.8826151560178306	0.0	1.0513365395369645	0.0	0.0	0.0	1.1907618476304738	0.018998765080269785	0.0	0.7690992992650828	0.0	0.0	0.0	0.04130524576621231	1.0888997237120104	0.0	0.0	2.583798882681564	1.987624226514157	0.0	0.0	0.832282471626734	0.3109452736318408	0.0	0.0	0.7981376787495843	6.129722024233785	0.0	0.0	0.0	0.0	3.0659936436717143	0.0	0.0	0.0	0.3782918667248654	0.6531454107940873	0.0	0.3181931619665585	0.0	0.0	0.0	3.082641014429383	0.674217907227616	0.07087172218284904	0.0	0.0	0.0	0.0	0.0	1.744186046511628	1.782328403488813	0.0	0.0	1.0013252834634074	1.6826923076923077	0.0	0.0	0.0	0.0	0.0	0.0	0.0	1.0558732952045755	0.0	0.0	0.0	0.0	2.445302445302445	2.0367183017785426	0.8559201141226819	1.1597724636880764	0.0	0.0	0.0	0.0	0.05315379163713678	3.0148619957537157	0.0	0.016458196181698484	0.0	0.5289928789420142	0.3106876553438277	1.266504985179197	0.0903995660820828	0.0	0.0	0.0	0.0	13.053097345132745	0.6251906068923453	0.0	2.183235867446394	0.0	0.0	0.0	0.0	1.7188348109281708	0.0	0.0	0.0	0.0	2.081165452653486	0.0	0.759301442672741	3.0985915492957745	4.951237809452363	0.0	0.0	2.0884520884520885	0.0	1.2944983818770228	0.0	0.0	0.7462686567164178	0.4895295077508839	0.039808917197452234	0.4576107899807322	0.0	0.0	0.0	0.0	0.0	0.0	4.13377648525135	0.03273322422258593	1.4299036369288156	0.0	1.3457841252403187	0.0	4.221190375685943	0.21493820526598603	0.0	0.0	0.0	0.0	0.03460207612456747	0.2188183807439825	0.3606925296569413	0.0	2.849279585559333	0.0	11.73611111111111	0.0	0.0	0.0	0.5125576627370578	0.0	0.0	0.0	4.696880517951736	0.0	0.3134292373221892	0.0	0.2705314009661836	2.0074349442379185	2.3332623055614743	0.0	0.0	3.5695674830640955	0.0	0.0	0.0	0.09918175055789735	0.5283307810107197	0.0	0.12232415902140673	0.34818319792875635	0.0	0.0	0.0	0.0	1.0330578512396695	4.387599525664916	1.4275256222547585	1.0450313509405282	0.02063557573256294	0.0	0.0	0.0	0.0	0.0	0.0	0.0	0.6577674598568389	0.2639683238011439	0.0	0.02144542140253056	1.36394635144351	0.0	0.0	0.0	0.0	1.4139173828666483	0.0	0.17020310904345853	0.0	0.0	0.0	11.180795847750865	0.0	0.0
HMT-662		0.0	0.0	1.979320531757755	5.184776613348042	1.3861386138613863	0.0	0.0	11.009429037882743	0.01957138663274293	0.009078529278256921	0.0	0.2715145791524023	1.2295081967213115	0.0	0.02359325232983367	10.252324037184595	0.0	2.9395138496325606	1.6229375169055993	0.0	6.841388699795779	0.0	0.0	4.583423501406622	0.0	0.0	0.007975541672205237	2.564102564102564	1.1206724034420652	4.146125647832132	2.9421089341195863	0.36712792996328725	0.0	0.13330371028660298	0.7631923244657655	0.0	0.11405759908753922	1.7395392571697226	0.0	0.0	0.0	0.48219007621714105	0.0	1.5771752613857877	6.516072980017376	0.0	0.22055580061755625	0.0	0.7259528130671506	0.9660107334525939	0.6886374815543532	1.4641867827463395	0.8071885470606153	0.0	0.5882352941176471	0.0	3.1110063634221072	0.3448275862068966	1.575037147102526	0.0	2.5055268975681653	0.0	0.8022030651340997	0.1564945226917058	0.2894356005788712	3.159284843559529	0.0	0.0	0.8612734543217472	0.0	0.0	2.7669172932330826	0.0	1.2382234185733512	0.0	1.0509838998211092	1.1114123068582271	0.0	0.018625442354255912	1.2599877074370005	11.800070729694683	7.871581450653983	0.1437297879985627	0.0	0.0	0.0	3.4482758620689653	2.4452207049857098	0.0	0.0	0.0	0.0	2.720677146311971	1.154672395273899	0.0	0.0	0.14895729890764647	0.41618497109826585	0.0	1.26617120836774	0.0	0.013728720483250962	0.0	0.6230529595015576	0.0	0.0274442538593482	0.0	0.8709677419354838	0.6622110491139862	0.0	0.0	1.100459087226573	0.0	2.33381263134609	6.46264318686955	1.9386410690758515	0.0	0.14367816091954022	0.0	0.0	3.480392156862745	13.414634146341465	0.15148236312486477	0.6782039289055192	0.0	3.3637873754152823	1.8406854966677246	0.1306762495916367	4.4673539518900345	0.0	0.0	2.9101741521539872	2.2644121427865125	1.1754587155963303	0.0	0.0	0.0	0.0	0.0	3.9509342461845667	11.88888888888889	0.0	0.0	7.82122905027933	0.0	0.841908325537886	0.0	0.0	1.6513264753654575	0.10907504363001745	3.84391380314502	0.0	3.0312035661218424	0.0	0.24031240612796637	2.557915057915058	2.785613540197461	0.0	1.6563944530046226	0.0	0.0	0.0	0.0	5.119359735062785	0.0	0.0	0.6633673791723702	0.0	13.206903899424677	1.973979362943024	0.0	3.6853515020130074	0.0	0.0	0.0	0.0	0.0	0.0	1.410953177257525	0.0	0.423728813559322	2.7195945945945947	0.2650511170011359	0.0	5.053191489361701	0.0	0.019329274185754326	0.23122456529781726	0.045878574705612477	0.0	0.0	0.0	0.0	0.0	2.537621717320744	5.386178861788618	0.0	1.3385826771653544	0.0	0.0	0.0	1.7386427369601793	0.0	3.8864715189873418	0.4282655246252677	0.0	0.020815986677768527	1.233100579408706	0.0	0.0	1.6510395434162253	0.0	1.4855162168853677	0.716024631247315	3.013337724353697	0.0	0.04749691270067446	1.829601310759148	0.03418219107844813	0.19905899384726747	0.0	0.49787940254471696	5.018587360594796	0.0	0.0	1.0111223458038423	0.0	0.0	4.436647866056757	1.2943632567849688	0.0	3.4328358208955225	3.2364597093791283	0.0	0.15962753574991687	0.0	0.9865175928970734	1.1592821978720025	1.3872053872053873	0.4047217537942664	0.14956066554496167	3.1686675851210393	0.0	0.0	0.0	0.0	0.8890968647636874	0.0	0.0	0.09658103148541626	0.0	5.8373414954088325	0.0	0.03543586109142452	0.0	0.0	0.05853658536585367	4.913793103448277	0.02015316404675534	0.0	0.0	3.248794801928317	2.505567928730512	0.0	0.0	2.389302937308198	0.0	1.0667804565820354	0.0	0.0	3.9311558771758266	1.875993640699523	0.0	1.1471698113207547	0.0	0.017403411068569442	1.0291884595916991	0.0	0.0	0.01783166904422254	0.0	1.1695906432748537	0.24501796798431885	0.37267080745341613	1.6545718432510885	4.305457122608079	0.0	0.20286396181384247	4.098090849242923	6.652126499454744	4.39471007121058	0.0	1.1048234977095122	0.0	2.1283354510800505	0.26019080659150046	0.6956969853130637	0.09197751660705161	0.0	0.0	2.0584011488750598	0.0	9.85823336968375	1.2150668286755772	0.0	0.0	1.067486882576443	0.0	0.0	0.0	0.9370816599732262	0.0	0.0	0.0	0.0	0.0	0.0	0.0	0.12285012285012285	0.7417397167902899	0.0	0.0	5.385190725504862	0.0373134328358209	0.0	8.95700636942675	0.0	4.532912889239259	0.0	0.0	3.2545432949281388	0.2728099424067899	3.4692920768870135	0.0	0.0	1.2123096052222568	0.0	0.21971985718209283	0.20952380952380953	0.0	0.2955400322407308	3.062682910229361	1.121751025991792	0.0	0.14207428455449564	1.5224913494809689	4.084609773887673	4.015710163513946	0.5199502656267662	0.0	2.4601063829787235	0.0	0.0	0.0	0.026983270372369132	5.740645822655049	3.65546218487395	4.187311178247734	2.60149783208514	0.0	0.0	2.8449730772321784	2.658721063488425	0.25120772946859904	0.26022304832713755	0.0	2.684258416742493	3.8546743464776254	0.0	1.484159452002664	0.0	0.0	0.3223406893131664	0.0	3.8686131386861313	2.5891946992864425	0.6160164271047228	0.050517807527153326	1.1431784107946028	0.3183265120509322	0.0	0.2066115702479339	0.008470269354565475	0.0	0.0	1.9603796945934793	0.017583963425356074	3.30188679245283	0.0	0.0	2.584064932913699	6.92200279273888	1.6491067338524967	0.0	0.0	2.956567242281528	0.0	0.09092975676290066	4.331306990881459	1.0726573568103623	0.0	1.6858917480035491	0.0	1.6678012253233492	0.011346873936230567	19.98394863563403	0.0	55.84559037265275	0.021626297577854673	0.028760425654299683	0.0
HMT-187		0.0	0.0	0.0	0.0	0.0	0.0	0.0	0.0	0.0	0.0	0.0	0.0	0.0	0.0	0.0	0.0	0.0	0.0	0.0	0.0	0.0	0.0	0.0	0.0	0.0	0.0	0.007975541672205237	0.0	0.0	0.0	0.0	0.0	0.0	0.0	0.0	0.0	0.3421727972626176	0.0	0.0	0.0	0.0	0.0	0.0	0.0	0.0	0.0	0.0	0.0	0.0	0.0	0.0	0.0	0.0	0.0	0.0	0.0	0.0	0.0	0.0	0.0	0.0	0.0	0.0	0.0	0.0	0.0	0.0	0.0	0.0	0.0	0.0	0.0	0.0	0.0	0.017301038062283735	0.0	0.0	0.0	0.0	0.0	0.0	0.0	0.0	0.0	0.0	0.0	0.0	0.0	0.0	0.0	0.0	0.0	0.0	0.0	0.0	0.0	0.0	0.0	0.0	0.0	0.0	0.0	0.0	0.0	0.0	0.0	0.0	0.0	0.0	0.0203210729526519	0.0	0.0	0.0	0.011060723371308484	0.0	0.0	0.0	0.0	0.0	0.0	0.0	0.0	0.0	0.0	0.0	0.0	0.0	0.0	0.0	0.0	0.0	0.0	0.0	0.0	0.0	0.0	0.0	0.0	0.0	0.0	0.0	0.0	0.0	0.0	0.0	0.0	0.0	0.0	0.0	0.0	0.0	0.0	0.0	0.0	0.0	0.0	0.0	0.0	0.0	0.0	0.0	0.0	0.0	0.0	0.0	0.0	0.010529640939243972	0.0	0.0	0.0	0.0	0.0	0.0	0.0	0.0	0.0	0.0	0.0	0.0	0.0	0.0	0.0	0.0	0.0	0.0	0.0	0.0	0.0	0.0	0.0	0.0	0.0	0.0	0.0	0.0	0.0	0.0	0.0	0.0	0.0	0.0	0.0	0.0	0.0	0.0	0.0	0.0	0.0	0.0	0.0	0.0	0.0	0.0	0.0	0.0	0.0	0.0	0.0	0.0	0.0	0.0	0.0	0.0	0.0	0.0	0.0	0.0	0.0	0.0	0.0	0.0	0.0	0.0	0.0	0.0	0.0	0.0	0.0	0.0	0.0	0.0	0.0	0.0	0.0	0.0	0.0	0.0	0.018717244821562264	0.0	0.0	0.0	1.9020550940096197	0.0	0.0	0.0	0.0	0.0	0.7435344827586208	0.0	0.0	0.0	0.0	0.0	0.0	0.0	0.0	0.0	0.0	0.0	0.0	0.0	0.0	0.0	0.0	0.0	0.0	0.0	0.0	0.0	0.0	0.0	0.0	0.0	0.0	0.0	0.01771793054571226	0.0	0.0	0.0	0.0	0.0	0.0	0.0	0.0	0.0	0.0	0.0	0.0	0.0	0.0	0.0	0.0	0.0	0.0	0.0	0.0	0.0	0.0	0.0	0.0	0.0	0.0	0.0	0.0	0.0	0.0	0.0	0.0	0.0	0.0	0.0	0.0	0.0	0.0	0.0	0.039808917197452234	0.0	0.0	0.0	0.0	0.0	0.0	0.0	0.0	0.0	0.0	0.0	0.0	0.0	0.0	0.0	0.0	0.0	0.0	0.0	0.0	0.0	0.0	0.0	0.0	0.0	0.0	0.0	0.0	0.0	0.0	0.0	0.0	0.0	0.0	0.0	0.0	0.0	0.01932367149758454	0.07434944237918216	0.0	0.0	0.0	0.0	0.0	0.0	0.0	0.0	0.0	0.0	0.0	0.08034996875278994	0.0	0.0	0.0	0.0	0.0	0.0	0.0	0.0	0.0	0.0	0.0	0.0	0.0	0.0	0.0	0.0	0.0	0.0	0.0	0.0	0.0	0.0	0.0	0.0	0.0	0.0	0.0	0.0	0.0	0.0	0.0	0.0	0.0	0.0
HMT-201		0.0	0.0	0.009847365829640572	0.027578599007170437	0.0	0.0	0.01518372304889159	0.0	0.0	0.0	0.0	0.0	0.0	0.0	0.0	0.0	0.0	0.0	0.0	0.0	0.008509189925119127	0.0	0.01688333614722269	0.025968405107119667	0.0	0.0	0.0	0.0	0.010006003602161296	0.0	0.0	0.02824060999717594	0.0	0.0	0.0	0.0	0.028514399771884805	0.01567152483936687	0.0	0.0	0.0	0.015554518587649713	0.0146756677428823	0.0	0.0	0.0	0.0	0.0	0.0	0.0	0.0	0.0	0.0	0.0	0.0	0.0	0.0	0.0	0.0	0.0	0.0	0.02652519893899204	0.0	0.0	0.0	0.0	0.0	0.0	0.0	0.0	0.0	0.0	0.0	0.0	0.0	0.0	0.0	0.0	0.0	0.0	0.0	0.0	0.0	0.0	0.0	0.0	0.0	0.0	0.0	0.0	0.0	0.0	0.0	0.02685284640171858	0.0	0.0	0.0	0.0	0.018953752843062926	0.0	0.0	0.013728720483250962	0.0	0.0	0.018950161076369147	0.0137221269296741	0.0	0.0	0.018394751364277394	0.0	0.0	0.013502565487442613	0.019277727798483486	0.0	0.025645409471704565	0.018821757952192736	0.0	0.0	0.020538098172109262	0.0	0.0	0.015837820715869498	0.0	0.0	0.0	0.0	0.0	0.0	0.0	0.0	0.0	0.0	0.0	0.0	0.0	0.0	0.0	0.0	0.0	0.0	0.0	0.0	0.0	0.0	0.0	0.0	0.0	0.0	0.0	0.0	0.0	0.0	0.0	0.0	0.0	0.0	0.03526093088857546	0.0	0.0	0.0	0.0	0.0	0.0	0.0	0.0	0.0	0.0	0.0	0.0	0.0	0.0	0.0	0.0	0.0	0.0	0.0	0.0364232380258605	0.0	0.0	0.0	0.0	0.0	0.0	0.0	0.0	0.0	0.0	0.0	0.03058571647040832	0.0	0.0	0.0	0.0	0.0	0.0	0.03387533875338753	0.0	0.0	0.0	0.0	0.0	0.0	0.04319654427645788	0.0	0.0	0.0	0.020815986677768527	0.0	0.0	0.0	0.0	0.0	0.0	0.0	0.0	0.0	0.0	0.0	0.0	0.0	0.0	0.0	0.0	0.0	0.0	0.0	0.0	0.0	0.0	0.0	0.0	0.0	0.0	0.0	1.0575324243431992	0.0	0.0	0.0	0.0	0.0	0.0	0.0	0.0	0.0	0.0	0.0	0.0	0.0	0.0	0.0	0.8916323731138546	1.7708788806296456	0.026968716289104636	0.14174344436569808	0.01813236627379873	0.0	0.008362369337979094	5.786637931034484	0.0	0.0	0.0	0.0	0.0	0.0	0.0	0.0	0.0	0.0	0.030088761847449977	0.0	0.0	0.0	0.0	0.01509433962264151	0.0	0.0	0.0	0.0	0.0	0.03566333808844508	0.0	0.0	0.0	0.0	0.0	0.01771793054571226	0.0	0.0	0.0	0.0	0.0	0.0	0.0	0.0	0.0	0.0	0.0	0.0	0.0	0.0	0.0	0.0	0.0	0.0	0.0	0.0	0.0	0.0	0.0	0.0	0.0	0.0	0.0	0.0	0.0	0.0	0.0	0.0	0.0	0.0	0.0	0.0	0.0	0.0373134328358209	0.0	0.0	0.024084778420038536	0.0	0.0	0.0	0.0	0.06062443164595332	0.0	0.0	0.0	0.0	0.0	0.0	0.0	0.0	0.0	0.0	0.0	0.0	0.0	0.0	0.0	0.024046168643796086	0.0	0.0	0.0	0.0	0.0	0.014153613889413098	0.0	0.0	0.0	0.0	0.0	0.0	0.024313153415998056	0.24109941332476087	0.0	0.0966183574879227	0.18587360594795538	0.03196249733645855	0.0	0.0	0.0	0.02854152792312815	0.015051929155586775	0.0	0.0	0.13782542113323126	0.04866180048661801	0.0	0.16069993750557987	0.0	0.0	0.022737608003638016	0.0	0.0	0.0	0.0	0.019000570017100513	0.02063557573256294	0.0	0.0	0.0	0.0	0.016564518800728838	0.0	0.0	0.0	0.0	0.026164311878597593	0.0	0.0	0.0	0.0	0.023408239700374533	0.0	0.0	0.0	0.0	0.0	0.0	0.0	0.0	0.028760425654299683	0.0
HMT-417		0.0	0.0	0.0	0.0	0.0	0.0	0.0	0.0	0.0	0.0	0.0	0.0	0.0	0.0	0.0	0.0	0.0	0.0	0.027048958615093318	0.0	0.008509189925119127	0.0	0.0	0.0	0.0	0.0	0.015951083344410474	0.0	0.010006003602161296	0.0	0.0	0.0	0.0	0.0	0.0	0.0	0.0	0.01567152483936687	0.0	0.0	0.0	0.0	0.0	0.0	0.014480162177816391	0.0	0.0	0.0	0.0	0.0	0.0	0.0	0.0	0.0	0.0	0.0	0.0	0.0	0.0	0.0	0.0	0.0	0.0	0.0	0.0	0.0	0.0	0.0	0.0	0.0	0.0	0.0	0.0	0.0	0.0	0.0	0.0	0.0	0.0	0.0	0.0	0.0	0.0	0.0	0.0	0.0	0.0	0.0	0.0	0.0	0.0	0.0	0.0	0.0	0.0	0.0	0.0	0.0	0.0	0.0	0.0	0.0	0.0	0.0	0.0	0.0	0.015647003598810827	0.0	0.0	0.0	0.0	0.0	0.0	0.0	0.0	0.0	0.0	0.0	0.0	0.0	0.0	0.0	0.0	0.0	0.0	0.0	0.0	0.0	0.0	0.0	0.0	0.0	0.0	0.0	0.0	0.0	0.0	0.0	0.0	0.0	0.0	0.0	0.0	0.0	0.0	0.0	0.0	0.0	0.0	0.0	0.0	0.0	0.0	0.0	0.0	0.0	0.0	0.0	0.0	0.0	0.0	0.0	0.0	0.0	0.0	0.0	0.0	0.0	0.0	0.0	0.0	0.0	0.0	0.0	0.038669760247486466	0.0	0.0	0.0	0.0	0.0	0.0	0.0	0.0	0.0	0.0	0.0	0.0	0.0	0.0	0.0	0.0	0.0	0.0	0.0	0.0	0.0	0.0	0.0	0.0	0.0	0.0	0.0	0.0	0.0	0.0	0.0	0.0	0.0	0.0	0.0	0.0	0.0	0.0	0.0	0.0	0.0	0.0	0.0	0.0	0.0	0.0	0.0	0.0	0.0	0.0	0.0	0.0	0.0	0.0	0.0	0.0	0.0	0.0	0.0	0.09976720984369804	0.0	0.0	0.0	0.0	0.0	0.0	0.0	0.0	0.0	0.0	0.0	0.0	0.0	0.018102824040550324	0.0	0.0	0.0	0.0	0.0	0.0	0.0	0.0	3.4590517241379315	0.0	0.0	0.0	0.0	0.0	0.014725371815638344	0.0	0.0	0.0	0.0	0.0	0.0	0.0	0.0	0.0	0.0	0.0	0.0	0.0	0.0	0.0	0.0	0.0	0.0	0.0	0.0	0.0	0.0	0.0	0.0	0.0	0.0	0.0	0.0	0.0	0.0	0.0	0.0	0.0	0.0	0.0	0.0	0.0	0.0	0.0	0.0	0.0	0.0	0.0	0.0	0.0	0.0	0.0	0.0	0.0	0.0	0.0	0.0	0.0	0.0	0.0	0.0	0.0	0.0	0.0	0.0	0.0	0.0	0.0	0.0	0.0	0.0	0.0	0.0	0.0	0.0	0.0	0.0	0.0	0.0	0.0	0.0	0.0	0.0	0.0	0.0	0.0	0.0	0.0	0.7694773966014747	0.0	0.0	0.0	0.0	0.0	0.0	0.0	0.0	0.0	0.0	0.0	0.0	0.024313153415998056	0.0	0.0	0.0	0.0	0.7351374387385468	0.0	0.0	0.0	0.0	0.0	0.0	0.0	0.3905053598774885	0.0	0.0	0.053566645835193286	0.0	0.0	0.0	0.0	0.0	0.0	0.0	0.0	0.0	0.0	0.0	0.0	0.0	0.016564518800728838	0.0	0.0	0.0	0.0	0.0	0.0	0.0	0.0	0.0	0.0	0.0	0.0	0.0	0.0	0.0	0.0	0.0	0.021626297577854673	0.0	0.0
HMT-002		0.0	0.0	0.0	0.0	0.0	0.0	0.0	0.0	0.0	0.0	0.0	0.0	0.0	0.0	0.0	0.0	0.0	0.0	0.0	0.0	0.0	0.0	0.0	0.0	0.0	0.0	0.0	0.0	0.0	0.0	0.0	0.0	0.0	0.0	0.0	0.0	0.0	0.0	0.0	0.0	0.0	0.0	0.0	0.0	0.0	0.0	0.0	0.0	0.0	0.0	0.0	0.0	0.0	0.0	0.0	0.0	0.0	0.0	0.0	0.0	0.0	0.0	0.0	0.0	0.0	0.0	0.0	0.0	0.0	0.0	0.0	0.0	0.0	0.0	0.0	0.0	0.0	0.0	0.0	0.0	0.0	0.0	0.0	0.0	0.0	0.0	0.0	0.0	0.0	0.0	0.0	0.0	0.0	0.0	0.0	0.0	0.0	0.0	0.0	0.0	0.0	0.0	0.0	0.0	0.0	0.0	0.0	0.0	0.0	0.0	0.0	0.0	0.0	0.0	0.0	0.0	0.0	0.0	0.0	0.0	0.0	0.0	0.0	0.0	0.0	0.0	0.0	0.0	0.0	0.0	0.0	0.0	0.0	0.0	0.0	0.0	0.0	0.0	0.0	0.0	0.0	0.0	0.0	0.0	0.0	0.0	0.0	0.0	0.0	0.0	0.0	0.0	0.0	0.0	0.0	0.0	0.0	0.0	0.0	0.0	0.0	0.0	0.0	0.0	0.0	0.0	0.0	0.0	0.0	0.0	0.0	0.0	0.0	0.0	0.0	0.0	0.0	0.0	0.0	0.0	0.0	0.0	0.0	0.0	0.0	0.0	0.0	0.0	0.0	0.0	0.0	0.0	0.0	0.0	0.0	0.0	0.0	0.0	0.0	0.0	0.0	0.0	0.0	0.0	0.0	0.0	0.0	0.0	0.0	0.0	0.0	0.0	0.0	0.0	0.0	0.0	0.0	0.0	0.0	0.0	0.0	0.0	0.0	0.0	0.0	0.0	0.0	0.0	0.0	0.0	0.0	0.0	0.0	0.0	0.0	0.0	0.0	0.0	0.0	0.0	0.0	0.0	0.0	0.0	0.0	0.0	0.0	0.0	0.0	0.0	0.1371742112482853	3.4105815478793176	0.0	0.0	0.0	0.0	0.0	5.204741379310345	0.0	0.0	0.0	0.0	0.0	0.0	0.0	0.0	0.0	0.0	0.0	0.0	0.0	0.0	0.0	0.0	0.0	0.0	0.0	0.0	0.0	0.0	0.0	0.0	0.0	0.0	0.0	0.0	0.0	0.0	0.0	0.0	0.0	0.0	0.0	0.0	0.0	0.0	0.0	0.0	0.0	0.0	0.0	0.0	0.0	0.0	0.0	0.0	0.0	0.0	0.0	0.0	0.0	0.0	0.0	0.0	0.0	0.0	0.0	0.0	0.0	0.0	0.0	0.0	0.0	0.0	0.0	0.0	0.0	0.0	0.0	0.0	0.0	0.0	0.0	0.0	0.0	0.0	0.0	0.0	0.0	0.0	0.0	0.0	0.0	0.0	0.0	0.0	0.0	0.0	0.0	0.0	0.0	0.0	0.0	0.0	0.0	0.0	0.0	0.0	0.0	0.0	0.0	0.0	0.0	0.0	0.0	0.0	0.0	0.0	0.0	0.0	0.0	0.0	0.0	0.0	0.0	0.0	0.0	0.0	0.0	0.0	0.0	0.0	0.0	0.0	0.0	0.0	0.0	0.0	0.0	0.0	0.0	0.0	0.0	0.0	0.0	0.0	0.0	0.0	0.0	0.0	0.0	0.0	0.0	0.0	0.0	0.0	0.0	0.0	0.0	0.0	0.0
HMT-004		0.0	0.0	0.0	0.0	0.0	0.0	0.0	0.0	0.0	0.0	0.0	0.0	0.0	0.0	0.0	0.0	0.0	0.0	0.0	0.0	0.0	0.0	0.0	0.0	0.0	0.0	0.0	0.0	0.0	0.0	0.0	0.0	0.0	0.0	0.0	0.0	0.0	0.0	0.0	0.0	0.0	0.0	0.0	0.0	0.0	0.0	0.0	0.0	0.0	0.0	0.0	0.0	0.0	0.0	0.0	0.0	0.0	0.0	0.0	0.0	0.0	0.0	0.0	0.0	0.0	0.0	0.0	0.0	0.0	0.0	0.0	0.0	0.0	0.0	0.0	0.0	0.0	0.0	0.0	0.0	0.0	0.0	0.0	0.0	0.0	0.0	0.0	0.0	0.0	0.0	0.0	0.0	0.0	0.0	0.0	0.0	0.0	0.0	0.0	0.0	0.0	0.0	0.0	0.0	0.0	0.0	0.0	0.0	0.0	0.0	0.0	0.0	0.0	0.0	0.0	0.0	0.0	0.0	0.0	0.0	0.0	0.0	0.0	0.0	0.0	0.0	0.0	0.0	0.0	0.0	0.0	0.0	0.0	0.0	0.0	0.0	0.0	0.0	0.0	0.0	0.0	0.0	0.0	0.0	0.0	0.0	0.0	0.0	0.0	0.0	0.0	0.0	0.0	0.0	0.0	0.0	0.0	0.0	0.0	0.0	0.0	0.0	0.0	0.0	0.0	0.0	0.0	0.0	0.0	0.0	0.0	0.0	0.0	0.0	0.0	0.0	0.0	0.0	0.0	0.0	0.0	0.0	0.0	0.0	0.0	0.0	0.0	0.0	0.0	0.0	0.0	0.0	0.0	0.0	0.0	0.0	0.0	0.0	0.0	0.0	0.0	0.0	0.0	0.0	0.0	0.0	0.0	0.0	0.0	0.0	0.0	0.0	0.0	0.0	0.0	0.0	0.0	0.0	0.0	0.0	0.0	0.0	0.0	0.0	0.0	0.0	0.0	0.0	0.0	0.0	0.0	0.0	0.0	0.0	0.0	0.0	0.0	0.0	0.0	0.0	0.0	0.0	0.0	0.0	0.0	0.0	0.0	0.0	0.0	0.0	0.06858710562414265	0.9182334936598164	0.0	0.0	0.0	0.0	0.0	1.8426724137931036	0.0	0.0	0.0	0.0	0.0	0.0	0.0	0.0	0.0	0.0	0.0	0.0	0.0	0.0	0.0	0.0	0.0	0.0	0.0	0.0	0.0	0.0	0.0	0.0	0.0	0.0	0.0	0.0	0.0	0.0	0.0	0.0	0.0	0.0	0.0	0.0	0.0	0.0	0.0	0.0	0.0	0.0	0.0	0.0	0.0	0.0	0.0	0.0	0.0	0.0	0.0	0.0	0.0	0.0	0.0	0.0	0.0	0.0	0.0	0.0	0.0	0.0	0.0	0.0	0.0	0.0	0.0	0.0	0.0	0.0	0.0	0.0	0.0	0.0	0.0	0.0	0.0	0.0	0.0	0.0	0.0	0.0	0.0	0.0	0.0	0.0	0.0	0.0	0.0	0.0	0.0	0.0	0.0	0.0	0.0	0.0	0.0	0.0	0.0	0.0	0.0	0.0	0.0	0.0	0.0	0.0	0.0	0.0	0.0	0.0	0.0	0.0	0.0	0.0	0.0	0.0	0.0	0.0	0.0	0.0	0.0	0.0	0.0	0.0	0.0	0.0	0.0	0.0	0.0	0.0	0.0	0.0	0.0	0.0	0.0	0.0	0.0	0.0	0.0	0.0	0.0	0.0	0.0	0.0	0.0	0.0	0.0	0.0	0.0	0.0	0.0	0.0	0.0
HMT-406		0.0	0.0	0.0	0.0	0.0	0.0	0.0	0.0	0.0	0.0	0.0	0.0	0.0	0.0	0.0	0.0	0.0	0.0	0.0	0.0	0.0	0.0	0.0	0.0	0.0	0.0	0.0	0.0	0.0	0.0	0.0	0.0	0.0	0.0	0.0	0.0	0.0	0.0	0.0	0.0	0.0	0.0	0.0	0.0	0.0	0.0	0.0	0.0	0.0	0.0	0.0	0.0	0.0	0.0	0.0	0.0	0.0	0.0	0.0	0.0	0.0	0.0	0.0	0.0	0.0	0.0	0.0	0.0	0.0	0.0	0.0	0.0	0.0	0.0	0.0	0.0	0.0	0.0	0.0	0.0	0.0	0.0	0.0	0.0	0.0	0.0	0.0	0.0	0.0	0.0	0.0	0.0	0.0	0.0	0.0	0.0	0.0	0.0	0.0	0.0	0.0	0.0	0.0	0.0	0.0	0.0	0.0	0.0	0.0	0.0	0.0	0.0	0.0	0.0	0.0	0.0	0.0	0.0	0.0	0.0	0.0	0.0	0.0	0.0	0.0	0.0	0.0	0.0	0.0	0.0	0.0	0.0	0.0	0.0	0.0	0.0	0.0	0.0	0.0	0.0	0.0	0.0	0.0	0.0	0.0	0.0	0.0	0.0	0.0	0.0	0.0	0.0	0.0	0.0	0.0	0.0	0.0	0.0	0.0	0.0	0.0	0.0	0.0	0.0	0.0	0.0	0.0	0.0	0.0	0.0	0.0	0.0	0.0	0.0	0.0	0.0	0.0	0.0	0.0	0.0	0.0	0.0	0.0	0.0	0.0	0.0	0.0	0.0	0.0	0.0	0.0	0.0	0.0	0.0	0.0	0.0	0.0	0.0	0.0	0.0	0.0	0.0	0.0	0.0	0.0	0.0	0.0	0.0	0.0	0.0	0.0	0.0	0.0	0.0	0.0	0.0	0.0	0.0	0.0	0.0	0.0	0.0	0.0	0.0	0.0	0.0	0.0	0.0	0.0	0.0	0.0	0.0	0.0	0.0	0.0	0.0	0.0	0.0	0.0	0.0	0.0	0.0	0.0	0.0	0.0	0.0	0.0	0.0	0.0	0.0	0.3429355281207133	2.9514648010494096	0.0	0.07087172218284904	0.0	0.0	0.008362369337979094	1.9719827586206897	0.0	0.0	0.0	0.0	0.0	0.0	0.0	0.0	0.0	0.0	0.0	0.0	0.0	0.0	0.0	0.0	0.0	0.0	0.0	0.0	0.0	0.0	0.0	0.0	0.0	0.0	0.0	0.0	0.0	0.0	0.0	0.0	0.0	0.0	0.0	0.0	0.0	0.0	0.0	0.0	0.0	0.0	0.0	0.0	0.0	0.0	0.0	0.0	0.0	0.0	0.0	0.0	0.0	0.0	0.0	0.0	0.0	0.0	0.0	0.0	0.0	0.0	0.0	0.0	0.0	0.0	0.0	0.0	0.0	0.0	0.0	0.0	0.0	0.0	0.0	0.0	0.0	0.0	0.0	0.0	0.0	0.0	0.0	0.0	0.0	0.0	0.0	0.0	0.0	0.0	0.0	0.0	0.0	0.0	0.0	0.0	0.0	0.0	0.0	0.0	0.0	0.0	0.0	0.0	0.0	0.0	0.0	0.0	0.0	0.0	0.0	0.0	0.0	0.0	0.0	0.0	0.0	0.0	0.0	0.0	0.0	0.0	0.0	0.0	0.0	0.0	0.0	0.0	0.0	0.0	0.0	0.0	0.0	0.0	0.0	0.0	0.0	0.0	0.0	0.0	0.0	0.0	0.0	0.0	0.0	0.0	0.0	0.0	0.0	0.0	0.0	0.0	0.0
HMT-718		0.0	0.0	0.1674052191038897	0.027578599007170437	0.0	0.02668801708033093	0.045551169146674765	0.0011106051687564554	0.0	0.0	0.014641288433382138	0.0	0.0	0.2023608768971332	0.09437300931933468	0.0	0.0	0.0	0.0	0.0	0.0	0.0	0.0	0.0	0.028546959748786755	0.10596026490066225	0.04785325003323142	0.0	0.040024014408645184	0.0	0.006340752013188764	0.0	0.0	0.0	0.0	0.08618213157138753	0.0	0.0	0.0	0.0	1.5527950310559007	0.21776326022709597	0.0146756677428823	0.0177210703526493	0.028960324355632783	0.005867282079364769	0.33818556094691954	0.25887573964497046	0.0	0.0	0.024594195769798325	0.019786307874950535	0.015229972586049346	0.0	0.051150895140664954	0.014324595330181922	0.0	0.04926108374384236	0.0	0.02795638803466592	0.14738393515106854	0.0	0.023946360153256702	0.4694835680751174	0.0	2.8951645672490858	0.03910833007430582	0.0	0.0	0.0	0.0	0.0	0.0	0.0	0.0	0.044722719141323794	0.0	0.0	0.16762898118830322	0.0	0.011788282447247436	0.0	1.8684872439813154	0.0	0.0	0.04317789291882556	0.0	0.0	0.0	0.0	0.09711094925952901	0.0	0.03022974607013301	0.08055853920515575	0.0	0.01367801942278758	0.024826216484607744	0.06936416184971098	0.018953752843062926	0.0	0.02187705097352877	0.013728720483250962	0.0	0.0	0.018950161076369147	0.03430531732418524	0.015647003598810827	0.0	0.018394751364277394	0.0	0.0	0.027005130974885227	0.09638863899241742	0.0	0.0	0.0564652738565782	0.0182848784055586	0.0	0.0	0.0	0.0	0.0	0.0	0.2104770813844715	0.0	0.0	0.0	0.03266906239790918	0.0	0.0	0.11383039271485487	0.0	0.36586571739345397	0.0	0.025773195876288662	0.0851063829787234	0.0	0.0	0.2008032128514056	0.0	0.3888888888888889	0.0	0.025081514923501375	0.0	0.0	0.0	0.0	0.0	0.0	0.010907504363001745	0.029120559114735003	0.022388895108026417	0.05943536404160475	0.16762452107279693	0.030039050765995796	0.0	0.0	0.061595318755774564	0.0	0.9094088842252536	0.21756867011150394	0.02495632642874969	0.0	0.0	0.0	0.0	0.0	0.0	0.0	0.0	0.12886597938144329	0.0	0.0	0.0	1.1987625676720803	0.0	0.0	0.06514657980456026	0.0	0.0	0.0	0.0	0.03786444528587656	0.0	0.0	0.0	0.3479269353435779	0.0	0.01529285823520416	0.0	0.4566596194503171	0.12706480304955528	0.0	0.0	0.0	0.0	0.035248501938667604	0.0	0.3281527733467025	0.15738117721120554	0.03568879371877231	1.065619742007852	0.6479481641468683	0.009889240506329115	0.0	0.045454545454545456	0.0	0.014856633486851881	0.0	0.0	0.2242152466367713	0.011184431271669836	0.0	0.11456394099957037	0.6915857072287173	0.00599880023995201	0.06649567778094424	0.19115237575095578	0.11963766877456845	0.0	0.0	0.055319933616079654	0.0	0.0	0.016539861065167055	0.0	0.0	0.0	0.30643513789581206	0.0	0.025220680958385876	0.5970149253731344	0.17613386173491855	0.0	0.17958097771865647	0.0	0.24662939822426835	0.01588057805304113	0.0	0.016863406408094434	0.01869508319312021	0.0	0.018625442354255912	0.0	0.0	0.0	0.015598190609889253	0.0	0.0	0.0	0.48010973936899864	0.0	0.0	0.10630758327427356	0.05439709882139619	0.026595744680851064	0.0	1.6163793103448276	0.1007658202337767	0.0	0.0	0.0	0.0	0.07362685907819172	0.0	0.0	0.0	0.0	0.015044380923724988	0.0	0.019557989438685704	0.1271860095389507	0.5059392872855257	0.01509433962264151	0.0	0.0	0.0	0.0	0.0	2.2289586305278175	0.04970453415806042	0.0	0.03266906239790918	0.04968944099378882	0.0	0.0	0.0	0.02386634844868735	0.016458196181698484	0.1817520901490367	0.02034587995930824	0.3106876553438277	0.37725680409593104	0.0	0.0	0.014455044810638914	0.0	0.08175779253960143	0.0	0.1372369624885636	0.0	0.03898635477582846	0.021810250817884406	0.0	0.0	0.0	0.03618599601954044	0.0	0.1991238550378335	0.0	0.0	0.0	0.0	0.0	0.28169014084507044	0.0	0.0	0.07189072609633358	0.6142506142506142	0.0	0.0	0.0	0.0	0.0373134328358209	0.027196083763937992	0.0	0.0	0.039416633819471816	0.16750418760469013	0.020267531414673693	0.03563368571089203	0.09093664746892997	0.0	0.0	0.06546644844517185	0.8703761268262356	0.0	0.19225487503433122	0.0	0.0	0.0	1.2659089362281357	0.027359781121751026	0.0	0.0	0.0	0.03646973012399708	0.1683231805065726	0.0	0.016189088554314394	0.0	0.1388888888888889	0.0	0.0	0.0	0.05125576627370579	0.37815126050420167	0.16314199395770393	0.0	0.03531489111241907	1.5317286652078774	0.3857590613196174	0.4584001833600733	0.0	0.0	0.0639249946729171	2.820746132848044	0.029537734455767243	0.0	0.1141661116925126	0.0	0.0	0.0	0.0	0.024330900243309004	0.0	1.6337826979733954	0.0	0.0	0.022737608003638016	0.7205209921019814	0.0	0.042351346772827377	0.0	0.0	0.0	0.0	0.09433962264150944	0.0	0.03201024327784891	0.0	0.13963694394574108	0.0	0.0	0.04399472063352398	0.0	0.02144542140253056	0.022732439190725165	0.0	0.10119409026512852	0.0	0.0	0.0	0.0	0.034040621808691704	0.0	0.0	0.0	0.0	0.0	0.0
HMT-408		0.0	0.0	0.0	0.0	0.0	0.0	0.0	0.0	0.0	0.0	0.0	0.0	0.0	0.0	0.0	0.0	0.0	0.0	0.0	0.0	0.0	0.0	0.0	0.0	0.0	0.0	0.0	0.0	0.0	0.0	0.0	0.0	0.0	0.0	0.0	0.0	0.0	0.0	0.0	0.0	0.0	0.0	0.0	0.0	0.0	0.0	0.0	0.0	0.0	0.0	0.0	0.0	0.0	0.0	0.0	0.0	0.0	0.0	0.0	0.0	0.0	0.0	0.0	0.0	0.0	0.0	0.0	0.0	0.0	0.0	0.0	0.0	0.0	0.0	0.0	0.0	0.0	0.0	0.0	0.0	0.0	0.0	0.0	0.0	0.0	0.0	0.0	0.0	0.0	0.0	0.0	0.0	0.0	0.0	0.0	0.0	0.0	0.0	0.0	0.0	0.0	0.0	0.0	0.0	0.0	0.0	0.0	0.0	0.0	0.0	0.0	0.0	0.0	0.0	0.0	0.0	0.0	0.0	0.0	0.0	0.0	0.0	0.0	0.0	0.0	0.0	0.0	0.0	0.0	0.0	0.0	0.0	0.0	0.0	0.0	0.0	0.0	0.0	0.0	0.0	0.0	0.0	0.0	0.0	0.0	0.0	0.0	0.0	0.0	0.0	0.0	0.0	0.0	0.0	0.0	0.0	0.0	0.0	0.0	0.0	0.0	0.0	0.0	0.0	0.0	0.0	0.0	0.0	0.0	0.0	0.0	0.0	0.0	0.0	0.0	0.0	0.0	0.0	0.0	0.0	0.0	0.0	0.0	0.0	0.0	0.0	0.0	0.0	0.0	0.0	0.0	0.0	0.0	0.0	0.0	0.0	0.0	0.0	0.0	0.0	0.0	0.0	0.0	0.0	0.0	0.0	0.0	0.0	0.0	0.0	0.0	0.0	0.0	0.0	0.0	0.0	0.0	0.0	0.0	0.0	0.0	0.0	0.0	0.0	0.0	0.0	0.0	0.0	0.0	0.0	0.0	0.0	0.0	0.0	0.0	0.0	0.0	0.0	0.0	0.0	0.0	0.0	0.0	0.0	0.0	0.0	0.0	0.0	0.0	0.0	2.263374485596708	0.0	0.0	0.0	0.0	0.0	0.0	0.0	0.0	0.0	0.0	0.0	0.0	0.0	0.0	0.0	0.0	0.0	0.0	0.0	0.0	0.0	0.0	0.0	0.0	0.0	0.0	0.0	0.0	0.0	0.0	0.0	0.0	0.0	0.0	0.0	0.0	0.0	0.0	0.0	0.0	0.0	0.0	0.0	0.0	0.0	0.0	0.0	0.0	0.0	0.0	0.0	0.021810250817884406	0.0	0.0	0.0	0.0	0.0	0.0	0.0	0.0	0.0	0.0	0.0	0.0	0.0	0.0	0.0	0.0	0.0	0.0	0.0	0.0	0.0	0.0	0.0	0.0	0.0	0.0	0.0	0.0	0.0	0.0	0.0	0.0	0.0	0.0	0.0	0.0	0.0	0.0	0.0	0.0	0.0	0.0	0.0	0.0	0.0	0.0	0.0	0.0	0.0	0.0	0.0	0.0	0.0	0.0	0.0	0.0	0.0	0.0	0.0	0.0	0.0	0.0	0.0	0.0	0.0	0.0	0.0	0.0	0.0	0.0	0.0	0.0	0.0	0.0	0.0	0.0	0.0	0.0	0.0	0.0	0.0	0.0	0.0	0.0	0.0	0.0	0.0	0.0	0.0	0.0	0.0	0.0	0.0	0.0	0.0	0.0	0.0	0.0	0.0	0.0	0.0	0.0	0.0	0.0	0.0	0.0	0.0	0.0
HMT-180	Neither HMT-180 nor HMT-701 were present singularly so these reads were split evenly at this site (STO).	0.0	0.0	0.0	0.0	0.0	0.0	0.0	0.0011106051687564554	0.0	0.0045392646391284605	0.007320644216691069	0.0	0.015762925598991173	0.0	0.0	0.0	0.0	0.0	0.0	0.012186205215695833	0.004254594962559564	0.0	0.0	0.0	0.0	0.0	0.0	0.0	0.005003001801080648	0.0	0.06023714412529326	0.0	0.018853695324283562	0.0	0.0	0.0	0.0	0.0	0.0	0.0	0.0	0.0	0.0	0.0	0.0	0.0	0.0	0.01849112426035503	0.0	0.0	0.0	0.0	0.0	0.0	0.0	0.0	0.0	0.0	0.0	0.0	0.0	0.0	0.0	0.0	0.0	0.0050792360828931325	0.0	0.0	0.0	0.0	0.0	0.0	0.0	0.0	0.0	0.0	0.0	0.0	0.0	0.0	0.011788282447247436	0.023781212841854936	0.0	0.0	0.0	0.0	0.0	0.0	0.014180374361883154	0.0	0.0	0.01518372304889159	0.0	0.01342642320085929	0.0	0.0	0.0	0.0	0.0	0.0	0.0	0.0	0.0	0.0	0.0	0.003430531732418525	0.007823501799405413	0.0	0.0	0.0	0.0	0.0033756413718606534	0.0	0.0	0.0	0.0	0.0	0.0	0.0	0.0	0.0	0.0	0.0	0.0	0.013702384214853387	0.0	0.0	0.0	0.0	0.0	0.0	0.0	0.0	0.0	0.0	0.0	0.0	0.0	0.0	0.0	0.0	0.0	0.0	0.0	0.0	0.0	0.0	0.0	0.0	0.0	0.0	0.0	0.0	0.0	0.0	0.0	0.0	0.0	0.0	0.0	0.0	0.0	0.0	0.0	0.0	0.0	0.0	0.0	0.0	0.0	0.0	0.0	0.0	0.006078288353999514	0.0	0.0	0.0	0.0	0.0	0.0	0.0	0.0	0.05679666792881485	0.0	0.0	0.0	0.004832318546438581	0.0	0.0	0.0	0.0	0.0	0.0	0.0	0.0	0.0	0.0	0.0	0.0	0.0	0.0	0.0	0.0	0.0	0.0	0.0	0.0	0.0	0.0	0.0	0.0	0.005592215635834918	0.0	0.0	0.0	0.0	0.0	0.0	0.0	0.0	0.0	0.0	0.0	0.0	0.008269930532583528	0.0	0.0	0.0	0.0	0.0	0.0	0.0	0.0	0.0	0.04988360492184902	0.0	0.0	0.0	0.0	0.0	0.0	0.0098405825624877	0.0	0.0	0.0	0.0	0.0	0.0	0.0	0.0	0.0	0.0	0.0	0.01771793054571226	0.0	0.0	0.0	1.810344827586207	0.0	0.0	0.018960940462646948	0.0	0.0	0.0	0.0	0.0	0.0	0.0	0.007522190461862494	0.0	0.0	0.0	0.010998680158380994	0.0	0.0	0.0	0.0	0.0	0.0	0.0	0.0	0.0	0.0	0.0	0.0	0.0	0.0	0.0059665871121718375	0.0	0.0	0.0	0.0	0.0	0.0	0.0	0.0	0.0	0.0	0.0	0.0	0.0	0.0	0.0	0.0	0.0	0.0	0.0	0.0	0.0	0.0	0.0	0.0	0.0	0.0	0.07042253521126761	0.0	0.0	0.0	0.0	0.0	0.0	0.0	0.0	0.0	0.0	0.0	0.0	0.0	0.0	0.0	0.0	0.0	0.011720581340834505	0.0	0.0	0.0	0.0	0.0	0.0	0.0	0.0	0.0	0.0	0.0	0.0	0.0	0.0	0.38473869830073737	0.0	0.0	0.0	0.0	0.0	0.0	0.0	0.0	0.0	0.0	0.0	0.0	0.0	0.0	0.0	0.00966183574879227	0.0	0.2716812273598977	0.0	0.007384433613941811	0.0	0.0	0.0	0.0	0.0	0.18376722817764168	0.0	0.0	0.04017498437639497	0.012629451881788331	0.02811094452773613	0.0	0.0	0.02066115702479339	0.0	0.0	0.0	0.02063557573256294	0.0	0.0	0.0	0.0	0.008282259400364419	0.0	0.0	0.0	0.0	0.0	0.0	0.0	0.0	0.0	0.0	0.0	0.0	0.0	0.05106093271303756	0.0	0.0	0.0	0.0	0.0	0.0
HMT-701	Neither HMT-180 nor HMT-701 were present singularly so these reads were split evenly at this site (STO).	0.0	0.0	0.0	0.0	0.0	0.0	0.0	0.0011106051687564554	0.0	0.0045392646391284605	0.007320644216691069	0.0	0.015762925598991173	0.0	0.0	0.0	0.0	0.0	0.0	0.012186205215695833	0.004254594962559564	0.0	0.0	0.0	0.0	0.0	0.0	0.0	0.005003001801080648	0.0	0.06023714412529326	0.0	0.018853695324283562	0.0	0.0	0.0	0.0	0.0	0.0	0.0	0.0	0.0	0.0	0.0	0.0	0.0	0.0	0.01849112426035503	0.0	0.0	0.0	0.0	0.0	0.0	0.0	0.0	0.0	0.0	0.0	0.0	0.0	0.0	0.0	0.0	0.0	0.0050792360828931325	0.0	0.0	0.0	0.0	0.0	0.0	0.0	0.0	0.0	0.0	0.0	0.0	0.0	0.0	0.011788282447247436	0.023781212841854936	0.0	0.0	0.0	0.0	0.0	0.0	0.014180374361883154	0.0	0.0	0.01518372304889159	0.0	0.01342642320085929	0.0	0.0	0.0	0.0	0.0	0.0	0.0	0.0	0.0	0.0	0.0	0.003430531732418525	0.007823501799405413	0.0	0.0	0.0	0.0	0.0033756413718606534	0.0	0.0	0.0	0.0	0.0	0.0	0.0	0.0	0.0	0.0	0.0	0.0	0.013702384214853387	0.0	0.0	0.0	0.0	0.0	0.0	0.0	0.0	0.0	0.0	0.0	0.0	0.0	0.0	0.0	0.0	0.0	0.0	0.0	0.0	0.0	0.0	0.0	0.0	0.0	0.0	0.0	0.0	0.0	0.0	0.0	0.0	0.0	0.0	0.0	0.0	0.0	0.0	0.0	0.0	0.0	0.0	0.0	0.0	0.0	0.0	0.0	0.0	0.006078288353999514	0.0	0.0	0.0	0.0	0.0	0.0	0.0	0.0	0.05679666792881485	0.0	0.0	0.0	0.004832318546438581	0.0	0.0	0.0	0.0	0.0	0.0	0.0	0.0	0.0	0.0	0.0	0.0	0.0	0.0	0.0	0.0	0.0	0.0	0.0	0.0	0.0	0.0	0.0	0.0	0.005592215635834918	0.0	0.0	0.0	0.0	0.0	0.0	0.0	0.0	0.0	0.0	0.0	0.0	0.008269930532583528	0.0	0.0	0.0	0.0	0.0	0.0	0.0	0.0	0.0	0.04988360492184902	0.0	0.0	0.0	0.0	0.0	0.0	0.0098405825624877	0.0	0.0	0.0	0.0	0.0	0.0	0.0	0.0	0.0	0.0	0.0	0.01771793054571226	0.0	0.0	0.0	1.810344827586207	0.0	0.0	0.018960940462646948	0.0	0.0	0.0	0.0	0.0	0.0	0.0	0.007522190461862494	0.0	0.0	0.0	0.010998680158380994	0.0	0.0	0.0	0.0	0.0	0.0	0.0	0.0	0.0	0.0	0.0	0.0	0.0	0.0	0.0059665871121718375	0.0	0.0	0.0	0.0	0.0	0.0	0.0	0.0	0.0	0.0	0.0	0.0	0.0	0.0	0.0	0.0	0.0	0.0	0.0	0.0	0.0	0.0	0.0	0.0	0.0	0.0	0.07042253521126761	0.0	0.0	0.0	0.0	0.0	0.0	0.0	0.0	0.0	0.0	0.0	0.0	0.0	0.0	0.0	0.0	0.0	0.011720581340834505	0.0	0.0	0.0	0.0	0.0	0.0	0.0	0.0	0.0	0.0	0.0	0.0	0.0	0.0	0.38473869830073737	0.0	0.0	0.0	0.0	0.0	0.0	0.0	0.0	0.0	0.0	0.0	0.0	0.0	0.0	0.0	0.00966183574879227	0.0	0.2716812273598977	0.0	0.007384433613941811	0.0	0.0	0.0	0.0	0.0	0.18376722817764168	0.0	0.0	0.04017498437639497	0.012629451881788331	0.02811094452773613	0.0	0.0	0.02066115702479339	0.0	0.0	0.0	0.02063557573256294	0.0	0.0	0.0	0.0	0.008282259400364419	0.0	0.0	0.0	0.0	0.0	0.0	0.0	0.0	0.0	0.0	0.0	0.0	0.0	0.05106093271303756	0.0	0.0	0.0	0.0	0.0	0.0
HMT-626	Neither HMT-626 nor HMT-757 were present singularly so these reads were split evenly at this site (STO).	0.0	0.0	0.0	0.0	0.0	0.0	0.0	0.0	0.0	0.0	0.0	0.0	0.0	0.0	0.0	0.0	0.0	0.0	0.0	0.0	0.008509189925119127	0.0	0.0	0.0	0.0	0.0	0.0	0.0	0.005003001801080648	0.0	0.0	0.0	0.0	0.0	0.0	0.0	0.0	0.0	0.0	0.0	0.0	0.0	0.0	0.0	0.007240081088908196	0.0	0.0	0.0	0.0	0.0	0.0	0.0	0.0	0.0	0.0	0.007162297665090961	0.0	0.0	0.014858841010401188	0.0	0.0	0.0	0.0	0.0	0.0	0.0	0.0	0.0	0.0	0.0	0.0	0.0	0.0	0.0	0.0	0.0	0.0	0.0	0.0	0.0	0.0	0.0	0.0	0.0	0.0	0.0	0.0	0.0	0.0	0.0	0.0	0.0	0.0	0.0	0.0	0.0	0.0	0.0	0.0	0.0	0.0	0.0	0.0	0.0	0.0	0.00686106346483705	0.0	0.0	0.0	0.0	0.0	0.0033756413718606534	0.0	0.0	0.0	0.0	0.0	0.0	0.0	0.0	0.0	0.0	0.0	0.0	0.0	0.0	0.0	0.0	0.0	0.0	0.0	0.0	0.0	0.0	0.0	0.0	0.0	0.0	0.0	0.0	0.0	0.0	0.0	0.0	0.0	0.0	0.0	0.0	0.0	0.0	0.0	0.005597223777006604	0.0	0.0	0.0	0.0	0.0	0.0	0.0	0.0	0.0	0.0	0.0	0.0	0.0	0.0	0.0	0.0	0.0	0.0	0.0	0.01548467017652524	0.0	0.0	0.0	0.0	0.0	0.0	0.0	0.0	0.0	0.0	0.0	0.0	0.0	0.0	0.004832318546438581	0.0	0.0	0.0	0.0	0.0	0.0	0.0	0.0	0.0	0.0	0.0	0.020509548334168907	0.0	0.0	0.0	0.0	0.0	0.0	0.0	0.0	0.0	0.0	0.0	0.0	0.0	0.0	0.0	0.0	0.0	0.0	0.0	0.0	0.0	0.0	0.0	0.0	0.0	0.008269930532583528	0.0	0.0	0.0	0.006661633432517653	0.0	0.0	0.0	0.0	0.0	0.08979048885932824	0.0	0.0	0.0	0.0	0.0	0.0	0.0	0.0	0.0	0.0	0.0	0.0	0.0	0.0	0.0	0.0	0.19676432006996064	0.013484358144552318	0.05315379163713678	0.0	0.0	0.0	1.0183189655172415	0.0	0.0	0.018960940462646948	0.0	0.0	0.0	0.0	0.0	0.0	0.0	0.007522190461862494	0.0	0.0	0.0	0.0	0.0	0.0	0.0	0.0	0.0	0.0	0.0	0.0	0.0	0.0	0.0	0.0	0.0	0.0	0.0	0.0	0.0	0.0	0.0	0.0	0.0	0.0	0.0	0.0	0.0	0.0	0.0	0.0	0.0	0.0	0.0	0.0	0.0	0.0	0.0	0.0	0.0	0.0	0.0	0.0	0.0	0.0	0.0	0.0	0.0	0.0	0.0	0.0	0.0	0.0	0.0	0.0	0.0	0.0	0.0	0.0	0.0	0.0	0.0	0.0	0.0	0.0	0.0	0.0	0.0	0.0	0.0	0.0	0.0	0.0	0.0	0.0	0.0	0.0	0.024046168643796086	0.0	0.0	0.0	0.0	0.0	0.0	0.0	0.0	0.0	0.0	0.0	0.0	0.012156576707999028	0.20493450132604676	0.0343800137520055	0.0	0.0	0.0	0.0	0.0	0.013027618551328815	0.0	0.0	0.0	0.0	0.0	0.0	0.0	0.0	0.012629451881788331	0.1686656671664168	0.011368804001819008	0.0	0.0	0.0	0.0	0.0	0.01031778786628147	0.0	0.0	0.0	0.0	0.0	0.0	0.0	0.0	0.0	0.0	0.0	0.0	0.0	0.0	0.0	0.0	0.0	0.0	0.0	0.0	0.0	0.0	0.0	0.0	0.019142419601837674
HMT-757	Neither HMT-626 nor HMT-757 were present singularly so these reads were split evenly at this site (STO).	0.0	0.0	0.0	0.0	0.0	0.0	0.0	0.0	0.0	0.0	0.0	0.0	0.0	0.0	0.0	0.0	0.0	0.0	0.0	0.0	0.008509189925119127	0.0	0.0	0.0	0.0	0.0	0.0	0.0	0.005003001801080648	0.0	0.0	0.0	0.0	0.0	0.0	0.0	0.0	0.0	0.0	0.0	0.0	0.0	0.0	0.0	0.007240081088908196	0.0	0.0	0.0	0.0	0.0	0.0	0.0	0.0	0.0	0.0	0.007162297665090961	0.0	0.0	0.014858841010401188	0.0	0.0	0.0	0.0	0.0	0.0	0.0	0.0	0.0	0.0	0.0	0.0	0.0	0.0	0.0	0.0	0.0	0.0	0.0	0.0	0.0	0.0	0.0	0.0	0.0	0.0	0.0	0.0	0.0	0.0	0.0	0.0	0.0	0.0	0.0	0.0	0.0	0.0	0.0	0.0	0.0	0.0	0.0	0.0	0.0	0.0	0.00686106346483705	0.0	0.0	0.0	0.0	0.0	0.0033756413718606534	0.0	0.0	0.0	0.0	0.0	0.0	0.0	0.0	0.0	0.0	0.0	0.0	0.0	0.0	0.0	0.0	0.0	0.0	0.0	0.0	0.0	0.0	0.0	0.0	0.0	0.0	0.0	0.0	0.0	0.0	0.0	0.0	0.0	0.0	0.0	0.0	0.0	0.0	0.0	0.005597223777006604	0.0	0.0	0.0	0.0	0.0	0.0	0.0	0.0	0.0	0.0	0.0	0.0	0.0	0.0	0.0	0.0	0.0	0.0	0.0	0.01548467017652524	0.0	0.0	0.0	0.0	0.0	0.0	0.0	0.0	0.0	0.0	0.0	0.0	0.0	0.0	0.004832318546438581	0.0	0.0	0.0	0.0	0.0	0.0	0.0	0.0	0.0	0.0	0.0	0.020509548334168907	0.0	0.0	0.0	0.0	0.0	0.0	0.0	0.0	0.0	0.0	0.0	0.0	0.0	0.0	0.0	0.0	0.0	0.0	0.0	0.0	0.0	0.0	0.0	0.0	0.0	0.008269930532583528	0.0	0.0	0.0	0.006661633432517653	0.0	0.0	0.0	0.0	0.0	0.08979048885932824	0.0	0.0	0.0	0.0	0.0	0.0	0.0	0.0	0.0	0.0	0.0	0.0	0.0	0.0	0.0	0.0	0.19676432006996064	0.013484358144552318	0.05315379163713678	0.0	0.0	0.0	1.0183189655172415	0.0	0.0	0.018960940462646948	0.0	0.0	0.0	0.0	0.0	0.0	0.0	0.007522190461862494	0.0	0.0	0.0	0.0	0.0	0.0	0.0	0.0	0.0	0.0	0.0	0.0	0.0	0.0	0.0	0.0	0.0	0.0	0.0	0.0	0.0	0.0	0.0	0.0	0.0	0.0	0.0	0.0	0.0	0.0	0.0	0.0	0.0	0.0	0.0	0.0	0.0	0.0	0.0	0.0	0.0	0.0	0.0	0.0	0.0	0.0	0.0	0.0	0.0	0.0	0.0	0.0	0.0	0.0	0.0	0.0	0.0	0.0	0.0	0.0	0.0	0.0	0.0	0.0	0.0	0.0	0.0	0.0	0.0	0.0	0.0	0.0	0.0	0.0	0.0	0.0	0.0	0.0	0.024046168643796086	0.0	0.0	0.0	0.0	0.0	0.0	0.0	0.0	0.0	0.0	0.0	0.0	0.012156576707999028	0.20493450132604676	0.0343800137520055	0.0	0.0	0.0	0.0	0.0	0.013027618551328815	0.0	0.0	0.0	0.0	0.0	0.0	0.0	0.0	0.012629451881788331	0.1686656671664168	0.011368804001819008	0.0	0.0	0.0	0.0	0.0	0.01031778786628147	0.0	0.0	0.0	0.0	0.0	0.0	0.0	0.0	0.0	0.0	0.0	0.0	0.0	0.0	0.0	0.0	0.0	0.0	0.0	0.0	0.0	0.0	0.0	0.0	0.019142419601837674
HMT-101	HMTs101-476-682 were not present singularly so these reads were split evenly at this body site (STO)	0.0	0.0	0.0	0.0	0.0	0.0	0.0	0.0	0.0	0.0	0.0	0.0	0.0	0.0	0.0	0.0	0.0	0.0	0.0	0.0	0.0	0.0	0.0	0.004328067517853278	0.0	0.0	0.005317027781470158	0.0	0.0	0.0	0.0	0.0	0.0	0.0	0.0	0.0	0.0	0.0	0.0	0.0	0.0	0.0	0.0	0.0	0.0	0.001955760693121589	0.0	0.0	0.0	0.0	0.0	0.0	0.0	0.00864528399757932	0.0	0.0	0.011784115012962526	0.0	0.0	0.0	0.0	0.0	0.0	0.0	0.0	0.010158472165786265	0.0	0.0	0.0	0.0	0.0	0.0	0.0	0.0	0.0	0.0	0.0	0.0	0.0	0.0	0.0	0.0	0.0	0.0	0.0	0.0	0.0	0.0	0.0	0.0	0.0	0.0	0.0	0.0	0.0	0.0	0.0	0.0	0.0	0.0	0.0	0.0	0.0	0.0	0.0	0.0	0.0	0.0	0.012263167576184928	0.0	0.0	0.0	0.032129546330805815	0.0	0.0	0.0	0.0	0.0	0.0	0.0	0.0	0.0	0.0	0.0	0.0	0.0	0.0	0.0	0.0	0.0	0.0	0.0	0.0	0.0	0.0	0.0	0.0	0.0	0.0	0.0	0.0	0.0	0.0	0.0	0.0	0.0	0.0	0.0	0.0	0.0	0.0	0.0	0.0	0.0	0.0	0.0	0.0	0.0	0.0	0.0	0.0	0.0	0.0	0.0	0.0	0.0	0.0	0.0	0.004261666311527808	0.0	0.0	0.0	0.0	0.0	0.0	0.0	0.0	0.0	0.005225752508361203	0.0	0.0	0.0	0.0	0.0	0.0	0.0	0.0	0.0	0.0	0.0	0.008456659619450316	0.0	0.0	0.0	0.0	0.0	0.0	0.0	0.00455767740759309	0.0	0.0	0.0	0.0	0.0	0.0	0.0	0.0	0.0	0.0	0.0	0.0	0.0	0.0	0.0	0.0	0.0	0.0	0.0	0.0	0.0	0.0	0.0	0.0	0.0	0.0	0.0	0.0	0.0	0.004441088955011769	0.0	0.0	0.0	0.0	0.0	0.006651147322913202	0.0	0.0	0.0	0.0	0.0	0.0	0.0	0.0	0.0	0.0	0.0	0.0	0.0062390816071874215	0.0	0.0	0.0	0.021862702229995624	0.0	0.03543586109142452	0.0	0.0	0.005574912891986063	0.2801724137931034	0.0	0.0	0.0	0.0	0.0	0.0	0.0	0.0	0.0	0.0	0.0	0.0	0.0	0.0	0.0	0.0	0.0	0.0	0.0	0.0	0.0	0.0	0.005522726017562268	0.0	0.0	0.0	0.0	0.0	0.0	0.0	0.0	0.0	0.0	0.0	0.0	0.0	0.0	0.0	0.0	0.0	0.0	0.0	0.0	0.0	0.0	0.0	0.0	0.0	0.0	0.0	0.0	0.03402517863218782	0.0	0.0	0.0	0.0	0.0	0.0	0.0	0.0	0.0	0.0	0.0	0.0	0.0	0.0	0.0	0.0	0.0	0.0	0.0	0.0	0.0	0.0	0.0	0.0	0.0	0.0	0.0	0.0	0.0	0.0	0.0	0.006805962022731912	0.0	0.0	0.0	0.0	0.0	0.12824623276691247	0.0	0.0	0.0	0.0	0.007521624670928919	0.009435742592942064	0.0	0.0	0.0	0.006042296072507552	0.0	0.0	0.0	0.27324600176806235	0.0	0.0	0.0	0.07457916045173663	0.0	0.0	0.0	0.009513842641042717	0.005017309718528924	0.0	0.0	0.015313935681470138	0.0	0.0	0.30354432639942863	0.0	0.0	0.0	0.0	0.0	0.0	0.0	0.0	0.0	0.0	0.0	0.0	0.0	0.0	0.0	0.011452130096197893	0.0	0.0	0.0	0.0	0.0	0.0	0.0	0.0	0.0	0.0	0.0	0.0	0.0	0.0	0.005813615487471658	0.0	0.0	0.0
HMT-476	HMTs101-476-682 were not present singularly so these reads were split evenly at this body site (STO)	0.0	0.0	0.0	0.0	0.0	0.0	0.0	0.0	0.0	0.0	0.0	0.0	0.0	0.0	0.0	0.0	0.0	0.0	0.0	0.0	0.0	0.0	0.0	0.004328067517853278	0.0	0.0	0.005317027781470158	0.0	0.0	0.0	0.0	0.0	0.0	0.0	0.0	0.0	0.0	0.0	0.0	0.0	0.0	0.0	0.0	0.0	0.0	0.001955760693121589	0.0	0.0	0.0	0.0	0.0	0.0	0.0	0.00864528399757932	0.0	0.0	0.011784115012962526	0.0	0.0	0.0	0.0	0.0	0.0	0.0	0.0	0.010158472165786265	0.0	0.0	0.0	0.0	0.0	0.0	0.0	0.0	0.0	0.0	0.0	0.0	0.0	0.0	0.0	0.0	0.0	0.0	0.0	0.0	0.0	0.0	0.0	0.0	0.0	0.0	0.0	0.0	0.0	0.0	0.0	0.0	0.0	0.0	0.0	0.0	0.0	0.0	0.0	0.0	0.0	0.0	0.012263167576184928	0.0	0.0	0.0	0.032129546330805815	0.0	0.0	0.0	0.0	0.0	0.0	0.0	0.0	0.0	0.0	0.0	0.0	0.0	0.0	0.0	0.0	0.0	0.0	0.0	0.0	0.0	0.0	0.0	0.0	0.0	0.0	0.0	0.0	0.0	0.0	0.0	0.0	0.0	0.0	0.0	0.0	0.0	0.0	0.0	0.0	0.0	0.0	0.0	0.0	0.0	0.0	0.0	0.0	0.0	0.0	0.0	0.0	0.0	0.0	0.0	0.004261666311527808	0.0	0.0	0.0	0.0	0.0	0.0	0.0	0.0	0.0	0.005225752508361203	0.0	0.0	0.0	0.0	0.0	0.0	0.0	0.0	0.0	0.0	0.0	0.008456659619450316	0.0	0.0	0.0	0.0	0.0	0.0	0.0	0.00455767740759309	0.0	0.0	0.0	0.0	0.0	0.0	0.0	0.0	0.0	0.0	0.0	0.0	0.0	0.0	0.0	0.0	0.0	0.0	0.0	0.0	0.0	0.0	0.0	0.0	0.0	0.0	0.0	0.0	0.0	0.004441088955011769	0.0	0.0	0.0	0.0	0.0	0.006651147322913202	0.0	0.0	0.0	0.0	0.0	0.0	0.0	0.0	0.0	0.0	0.0	0.0	0.0062390816071874215	0.0	0.0	0.0	0.021862702229995624	0.0	0.03543586109142452	0.0	0.0	0.005574912891986063	0.2801724137931034	0.0	0.0	0.0	0.0	0.0	0.0	0.0	0.0	0.0	0.0	0.0	0.0	0.0	0.0	0.0	0.0	0.0	0.0	0.0	0.0	0.0	0.0	0.005522726017562268	0.0	0.0	0.0	0.0	0.0	0.0	0.0	0.0	0.0	0.0	0.0	0.0	0.0	0.0	0.0	0.0	0.0	0.0	0.0	0.0	0.0	0.0	0.0	0.0	0.0	0.0	0.0	0.0	0.03402517863218782	0.0	0.0	0.0	0.0	0.0	0.0	0.0	0.0	0.0	0.0	0.0	0.0	0.0	0.0	0.0	0.0	0.0	0.0	0.0	0.0	0.0	0.0	0.0	0.0	0.0	0.0	0.0	0.0	0.0	0.0	0.0	0.006805962022731912	0.0	0.0	0.0	0.0	0.0	0.12824623276691247	0.0	0.0	0.0	0.0	0.007521624670928919	0.009435742592942064	0.0	0.0	0.0	0.006042296072507552	0.0	0.0	0.0	0.27324600176806235	0.0	0.0	0.0	0.07457916045173663	0.0	0.0	0.0	0.009513842641042717	0.005017309718528924	0.0	0.0	0.015313935681470138	0.0	0.0	0.30354432639942863	0.0	0.0	0.0	0.0	0.0	0.0	0.0	0.0	0.0	0.0	0.0	0.0	0.0	0.0	0.0	0.011452130096197893	0.0	0.0	0.0	0.0	0.0	0.0	0.0	0.0	0.0	0.0	0.0	0.0	0.0	0.0	0.005813615487471658	0.0	0.0	0.0
Unmatched		93.08909242298084	95.06588169329969	97.50861644510094	86.98290126861555	96.33663366336633	95.14278089137977	94.7464318250835	88.74290600948457	96.49672179273901	99.75487970948707	98.72620790629576	98.5243772872152	90.29003783102144	99.52782462057336	95.54087530966143	84.7808764940239	93.37442218798151	94.46014697569248	92.91317284284555	98.5376553741165	89.13376446562287	99.8306806637318	88.78946479824414	94.7846786409868	96.80274050813588	96.66225165562913	99.56666223581017	96.60040334197637	98.28897338403041	88.32006067500949	96.65208293703633	98.84213499011578	93.81598793363499	94.15685403243724	99.01875272568688	89.8879632289572	96.94895922440833	97.82165804732801	98.00092980009299	94.80757483200978	93.06418219461698	95.87805257427283	96.46316407396537	97.43044479886585	93.2088039386041	79.1026969939958	97.73562711365975	91.34615384615384	94.6072076743583	97.67441860465115	99.23757993113625	90.42342698852394	94.06031069144075	83.5653151206017	73.19693094629156	98.3383469416989	92.69384869196324	98.52216748768473	90.22288261515602	93.43024881185352	95.57848194546794	92.62599469496021	97.97653256704982	95.04434011476265	98.29232995658465	93.02112962210484	97.84904184591318	99.04153354632588	86.18886496462626	98.77675840978594	96.10299234516354	97.17293233082707	99.96688741721854	97.98115746971736	90.77854671280276	86.51610017889088	96.55733261046355	92.6797385620915	99.01285155522443	95.51321450522434	86.46705175055995	91.5576694411415	97.19726913402803	95.62021439509955	98.488542174549	98.01381692573402	78.10344827586206	93.14067958081931	97.6460578559274	91.91368788142982	91.86695799951444	90.03947767992712	96.28174123337364	92.93770139634802	93.62989323843416	64.60128573382575	94.83614697120159	97.98843930635837	98.88172858225929	98.40352325901459	85.1673594399475	99.06644700713893	90.5823148813803	98.90965732087228	98.74928936895964	99.03259005145799	95.60319198873415	91.0	89.82157091176651	99.47165210323105	99.27280282568046	97.79908182554685	99.08752088420512	94.06039154960735	92.93896392545734	95.48277809147375	99.50630828304992	99.6551724137931	99.93838570548367	99.69896004378764	94.04411764705883	86.44282546721571	99.06946548366155	97.5444340505145	98.10907097835023	96.30398671096346	96.57251666137734	93.20483502123489	92.7147766323024	99.51939581187779	97.35344336937962	93.21723189734189	95.90625927024622	97.53440366972477	91.44329896907216	99.48936170212765	98.16566904807877	94.62102689486552	92.55354752342704	95.94922265012123	87.46296296296296	97.49251497005989	99.69902182091799	79.3296089385475	95.85935692805921	97.19363891487372	98.34307992202729	90.42056074766354	94.1797509474824	98.89834205933681	93.59347699475829	95.53341542594873	91.67904903417534	98.01245210727969	82.42715530189247	93.0984555984556	90.47954866008463	82.26054819833692	97.26502311248075	86.84854844351172	98.7761762306228	96.45620164711755	99.27536231884058	89.34731613081274	93.75585388698096	99.59704499664204	98.26260924502475	99.74176888315041	86.47773279352228	89.34499775684164	98.58247422680412	96.22174047692783	95.97244303126656	91.49039630440068	96.75174013921114	97.94937520025633	99.0894190493535	97.13355048859935	96.85409698996655	98.09171176303047	96.53312788906008	87.21283783783784	96.36501325255585	92.8584408504452	93.19908814589665	94.85564304461943	99.60374987919204	97.63226045135035	98.99067135647653	93.83845908268597	76.74418604651162	91.69843286742906	94.94514106583071	91.44324015972617	97.25582767778106	87.63550135501355	96.33415579837857	98.11023622047243	97.50239278063898	99.27604658482846	96.6452533904354	94.27930454290522	96.1987041036717	79.60838607594937	98.81403393180696	97.97727272727272	98.93838467943381	82.2166097162383	97.78067885117493	85.28974739970282	96.41255605381166	98.06509339000112	94.20648675414706	98.49634827438064	84.53811954552938	94.56808638272346	98.88857224280422	97.35117422173676	94.27448299435994	99.38472674629027	99.60330953190525	98.06380232343722	92.32755059892607	97.38339021615472	99.58650347337083	90.51567239635996	96.39199255121042	91.63697731108195	94.20882000266465	98.12108559498957	96.6204287515763	79.58955223880596	96.3672391017173	97.44516129032257	96.6744263385434	92.51603706343549	91.64748438013811	91.99618866126727	90.32996632996633	98.34738617200675	90.40942232192933	94.7254477465066	95.28776308437325	98.37473879730672	94.95125854794122	95.80611894121691	96.42801435033536	95.60768654854004	99.7103548153512	99.82615414332625	12.002743484224967	40.33668561434193	97.35706580366774	7.193479801559177	98.78513145965549	98.8031914893617	1.9902439024390244	22.5323275862069	95.40507859733978	96.36627906976744	98.1039059537353	93.25089079857473	93.87527839643653	98.77779413930202	94.97596153846153	87.0670758439281	94.41601779755283	98.25048005120546	99.47344666766963	93.3448573898012	95.75591629180519	97.20190779014308	98.152221733392	98.41509433962264	99.18386941910707	99.80856247824573	92.22203475620044	94.4015444015444	97.07401032702238	96.39800285306704	95.03506931021151	97.6608187134503	98.84024828487422	98.85714285714286	81.6255442670537	83.0970942593905	93.2484076433121	97.02863961813843	91.4417379855168	92.65721555797892	94.79145473041709	99.00579950289975	95.55375909458367	95.37154221659736	97.23634053367218	99.6675339693553	99.02087090955939	99.795605518651	86.17256637168141	98.29216224458676	97.94159885112495	90.37037037037037	89.92366412213741	95.74726609963548	98.51701075894155	98.82273342354533	96.99656233037814	99.54285714285714	97.76981282357626	99.62572303504594	97.45649263721553	96.46201873048908	99.18500407497962	95.82384206529993	94.92957746478872	82.29557389347337	98.89502762430939	96.11790079079799	96.06879606879608	88.94133513149022	93.77022653721683	99.3619879113499	93.94166043380703	99.06716417910447	94.01686157193365	77.86624203821655	74.373795761079	87.42609381158849	98.40871021775544	93.08877178759627	96.24658510511938	99.36344346771749	94.58509142053447	95.09763190693809	99.5417348608838	95.36835561081753	90.81560283687942	96.5668772315298	98.36190476190477	95.44111439425919	98.28049435787212	95.29027428026951	93.32421340629274	98.9795918367347	98.66044245991475	98.37370242214533	91.57549234135668	91.49567168964411	95.89691420820617	96.89169499757163	87.52216312056737	88.125	96.9838285069575	96.57010756746557	98.98812736103616	92.36289082521783	95.67226890756302	92.59214501510573	88.92392589672842	94.93819894055326	97.27692681740821	94.12521096198665	95.39307815723126	99.30434782608695	97.47211895910782	71.2444065629661	91.3557779799818	89.85378821444395	85.82595101615425	98.15431452763772	99.50830364758416	92.23814397816444	88.5197123729234	97.37366003062787	95.52311435523114	89.54128440366974	93.58093027408268	99.8989643849457	96.57046476761619	95.3387903592542	99.11320493279756	96.77685950413223	93.50330340504827	96.8887262079063	97.87193615808474	97.00784151877838	99.03288201160542	94.92138364779873	96.35502958579882	98.91165172855314	94.59996687096239	90.80390983443048	98.25927622537792	96.15012574966144	97.03768881067604	95.39508110936681	99.39952820072915	97.24937485792225	94.22492401215806	97.47014774337178	98.38483146067416	98.13664596273291	95.81369559190463	91.32062627637849	99.2964938159537	79.91573033707866	98.23762667058305	43.93349223882333	86.26730103806229	99.42479148691402	98.66003062787136
